{"duration": 0.04556012153625488, "input_args": {"file_path": "'final_output.parquet'"}, "time": 1743756065.209002}