{"duration": 0.03529500961303711, "input_args": {"file_path": "'final_output.parquet'"}, "time": 1743892423.214644}