{"duration": 0.051516056060791016, "input_args": {"file_path": "'final_output.parquet'"}, "time": 1743751519.690707}