{"duration": 0.037535905838012695, "input_args": {"file_path": "'final_output.parquet'"}, "time": 1743981112.3915231}