{
  "task": "classification",
  "source": "copied_from_regression",
  "best_params": {
    "n_estimators": 1403,
    "max_depth": 6,
    "learning_rate": 0.01830309688651229,
    "subsample": 0.6499694717222572,
    "colsample_bytree": 0.8018123960771946,
    "colsample_bylevel": 0.8980752513315378,
    "min_child_weight": 1,
    "reg_alpha": 0.6300118445763987,
    "reg_lambda": 2.6278277494048377,
    "gamma": 0.06208519697643636,
    "tree_method": "hist"
  },
  "note": "Use these for classification; keep eval_metric='logloss' if desired."
}