{
  "task": "regression",
  "objective": "-(w_r2*r2 + w_f1*f1 - w_mae*mae_norm)",
  "baseline_objective": -0.3438694665836139,
  "best_objective": -0.3645441991773977,
  "improved_over_baseline": true,
  "best_params": {
    "n_estimators": 1403,
    "max_depth": 6,
    "learning_rate": 0.01830309688651229,
    "subsample": 0.6499694717222572,
    "colsample_bytree": 0.8018123960771946,
    "colsample_bylevel": 0.8980752513315378,
    "min_child_weight": 1,
    "reg_alpha": 0.6300118445763987,
    "reg_lambda": 2.6278277494048377,
    "gamma": 0.06208519697643636,
    "tree_method": "hist"
  },
  "best_metrics": {
    "r2": 0.5000262825309394,
    "f1_spike": 0.704,
    "mae": 5.273333972921288,
    "mae_norm": 0.8791262805871463,
    "composite": 0.3645441991773977,
    "n": 5000,
    "weights": {
      "w_r2": 0.5,
      "w_f1": 0.35,
      "w_mae": 0.15
    }
  },
  "baseline_params": {
    "n_estimators": 400,
    "max_depth": 6,
    "learning_rate": 0.05,
    "subsample": 0.85,
    "colsample_bytree": 0.85,
    "colsample_bylevel": 0.8,
    "reg_alpha": 0.1,
    "reg_lambda": 1.0,
    "gamma": 0.1,
    "min_child_weight": 3,
    "tree_method": "hist"
  },
  "baseline_metrics": {
    "r2": 0.472855517359029,
    "f1_spike": 0.6976744186046512,
    "mae": 5.468297196940646,
    "mae_norm": 0.91162892405019,
    "composite": 0.3438694665836139,
    "n": 5000,
    "weights": {
      "w_r2": 0.5,
      "w_f1": 0.35,
      "w_mae": 0.15
    }
  },
  "trials": 100,
  "anchors": 500,
  "min_test_date": "2008-01-01",
  "random_seed": 42
}