{
  "task": "regression",
  "objective": "-(w_r2*r2 + w_f1*f1 - w_mae*mae_norm)",
  "baseline_objective": -0.3438694665836139,
  "best_objective": -0.3438694665836139,
  "improved_over_baseline": false,
  "best_params": {
    "n_estimators": 400,
    "max_depth": 6,
    "learning_rate": 0.05,
    "subsample": 0.85,
    "colsample_bytree": 0.85,
    "colsample_bylevel": 0.8,
    "reg_alpha": 0.1,
    "reg_lambda": 1.0,
    "gamma": 0.1,
    "min_child_weight": 3,
    "tree_method": "hist"
  },
  "best_metrics": {
    "r2": 0.472855517359029,
    "f1_spike": 0.6976744186046512,
    "mae": 5.468297196940646,
    "mae_norm": 0.91162892405019,
    "composite": 0.3438694665836139,
    "n": 5000,
    "weights": {
      "w_r2": 0.5,
      "w_f1": 0.35,
      "w_mae": 0.15
    }
  },
  "baseline_params": {
    "n_estimators": 400,
    "max_depth": 6,
    "learning_rate": 0.05,
    "subsample": 0.85,
    "colsample_bytree": 0.85,
    "colsample_bylevel": 0.8,
    "reg_alpha": 0.1,
    "reg_lambda": 1.0,
    "gamma": 0.1,
    "min_child_weight": 3,
    "tree_method": "hist"
  },
  "baseline_metrics": {
    "r2": 0.472855517359029,
    "f1_spike": 0.6976744186046512,
    "mae": 5.468297196940646,
    "mae_norm": 0.91162892405019,
    "composite": 0.3438694665836139,
    "n": 5000,
    "weights": {
      "w_r2": 0.5,
      "w_f1": 0.35,
      "w_mae": 0.15
    }
  },
  "trials": 2,
  "anchors": 500,
  "min_test_date": "2008-01-01",
  "random_seed": 42
}