{"duration": 0.06834602355957031, "input_args": {"file_path": "'final_output_og.parquet'"}, "time": 1743456785.787222}