{
  "matrix": {
    "oni": {
      "oni": 1.0,
      "pdo": 0.5294315852238152,
      "discharge": -0.13863487773220756,
      "da": 0.16638056182725564,
      "pn": -0.03914865324896136,
      "beuti": 0.018717870356872002,
      "chla-anom": 0.03286068436088615,
      "modis-chla": 0.01461724591645647,
      "modis-flr": 0.038130872878459114,
      "modis-k490": 0.057831163959785305,
      "modis-par": 0.05260567329272606,
      "modis-sst": 0.1923952159829211,
      "sst-anom": 0.31918120373369824
    },
    "pdo": {
      "oni": 0.5294315852238152,
      "pdo": 1.0,
      "discharge": 0.027151333890868993,
      "da": 0.2226599670062207,
      "pn": -0.1162706514546144,
      "beuti": 0.07911756133386293,
      "chla-anom": 0.04341927246443224,
      "modis-chla": 0.10958368662040995,
      "modis-flr": -0.10726777105205694,
      "modis-k490": 0.09633577973723405,
      "modis-par": 0.21332350839218922,
      "modis-sst": 0.2417421198479616,
      "sst-anom": 0.47027678687100305
    },
    "discharge": {
      "oni": -0.13863487773220756,
      "pdo": 0.027151333890868993,
      "discharge": 1.0,
      "da": 0.006718916880716657,
      "pn": -0.12919002919163355,
      "beuti": -0.05578715505047881,
      "chla-anom": -0.07029648356592631,
      "modis-chla": -0.2324010742697853,
      "modis-flr": -0.16148829137662016,
      "modis-k490": -0.23399622719230748,
      "modis-par": -0.07074441112505199,
      "modis-sst": -0.30398529413126474,
      "sst-anom": -0.012811682822608037
    },
    "da": {
      "oni": 0.16638056182725564,
      "pdo": 0.2226599670062207,
      "discharge": 0.006718916880716657,
      "da": 1.0,
      "pn": -0.03944312519368442,
      "beuti": 0.03879323954816181,
      "chla-anom": 0.10581684105372745,
      "modis-chla": 0.10245279550268277,
      "modis-flr": -0.012088228803793876,
      "modis-k490": 0.043938732366336115,
      "modis-par": 0.13674974943979396,
      "modis-sst": 0.07139823494917101,
      "sst-anom": 0.10108354793937616
    },
    "pn": {
      "oni": -0.03914865324896136,
      "pdo": -0.1162706514546144,
      "discharge": -0.12919002919163355,
      "da": -0.03944312519368442,
      "pn": 1.0,
      "beuti": 0.0547968400620369,
      "chla-anom": -0.0013525128957207742,
      "modis-chla": 0.20278163408679414,
      "modis-flr": 0.2612440691450795,
      "modis-k490": 0.26743722274900683,
      "modis-par": 0.28214350660662574,
      "modis-sst": 0.2687784829528231,
      "sst-anom": -0.08586073055634043
    },
    "beuti": {
      "oni": 0.018717870356872002,
      "pdo": 0.07911756133386293,
      "discharge": -0.05578715505047881,
      "da": 0.03879323954816181,
      "pn": 0.0547968400620369,
      "beuti": 1.0,
      "chla-anom": 0.022172075032475633,
      "modis-chla": 0.11041065013453005,
      "modis-flr": 0.06638174581249222,
      "modis-k490": 0.12163230425584583,
      "modis-par": 0.18683929514591524,
      "modis-sst": 0.1931734380581347,
      "sst-anom": 0.029452983476324964
    },
    "chla-anom": {
      "oni": 0.03286068436088615,
      "pdo": 0.04341927246443224,
      "discharge": -0.07029648356592631,
      "da": 0.10581684105372745,
      "pn": -0.0013525128957207742,
      "beuti": 0.022172075032475633,
      "chla-anom": 1.0,
      "modis-chla": 0.07944230346222887,
      "modis-flr": -0.010106846533578432,
      "modis-k490": 0.011654811927597564,
      "modis-par": 0.03375345523942178,
      "modis-sst": 0.007093511940470821,
      "sst-anom": -0.1581709041660927
    },
    "modis-chla": {
      "oni": 0.01461724591645647,
      "pdo": 0.10958368662040995,
      "discharge": -0.2324010742697853,
      "da": 0.10245279550268277,
      "pn": 0.20278163408679414,
      "beuti": 0.11041065013453005,
      "chla-anom": 0.07944230346222887,
      "modis-chla": 1.0,
      "modis-flr": 0.1545429589237103,
      "modis-k490": 0.6741641774050663,
      "modis-par": 0.41069738508379094,
      "modis-sst": 0.3924847120042294,
      "sst-anom": 0.03662935762216425
    },
    "modis-flr": {
      "oni": 0.038130872878459114,
      "pdo": -0.10726777105205694,
      "discharge": -0.16148829137662016,
      "da": -0.012088228803793876,
      "pn": 0.2612440691450795,
      "beuti": 0.06638174581249222,
      "chla-anom": -0.010106846533578432,
      "modis-chla": 0.1545429589237103,
      "modis-flr": 1.0,
      "modis-k490": 0.32138972923089554,
      "modis-par": 0.2021996230653658,
      "modis-sst": 0.17500144268948484,
      "sst-anom": 0.0731961466602454
    },
    "modis-k490": {
      "oni": 0.057831163959785305,
      "pdo": 0.09633577973723405,
      "discharge": -0.23399622719230748,
      "da": 0.043938732366336115,
      "pn": 0.26743722274900683,
      "beuti": 0.12163230425584583,
      "chla-anom": 0.011654811927597564,
      "modis-chla": 0.6741641774050663,
      "modis-flr": 0.32138972923089554,
      "modis-k490": 1.0,
      "modis-par": 0.589771108589483,
      "modis-sst": 0.42529790578222215,
      "sst-anom": 0.1111851139379509
    },
    "modis-par": {
      "oni": 0.05260567329272606,
      "pdo": 0.21332350839218922,
      "discharge": -0.07074441112505199,
      "da": 0.13674974943979396,
      "pn": 0.28214350660662574,
      "beuti": 0.18683929514591524,
      "chla-anom": 0.03375345523942178,
      "modis-chla": 0.41069738508379094,
      "modis-flr": 0.2021996230653658,
      "modis-k490": 0.589771108589483,
      "modis-par": 1.0,
      "modis-sst": 0.602754467203716,
      "sst-anom": 0.07264831140098141
    },
    "modis-sst": {
      "oni": 0.1923952159829211,
      "pdo": 0.2417421198479616,
      "discharge": -0.30398529413126474,
      "da": 0.07139823494917101,
      "pn": 0.2687784829528231,
      "beuti": 0.1931734380581347,
      "chla-anom": 0.007093511940470821,
      "modis-chla": 0.3924847120042294,
      "modis-flr": 0.17500144268948484,
      "modis-k490": 0.42529790578222215,
      "modis-par": 0.602754467203716,
      "modis-sst": 1.0,
      "sst-anom": 0.07838017501672814
    },
    "sst-anom": {
      "oni": 0.31918120373369824,
      "pdo": 0.47027678687100305,
      "discharge": -0.012811682822608037,
      "da": 0.10108354793937616,
      "pn": -0.08586073055634043,
      "beuti": 0.029452983476324964,
      "chla-anom": -0.1581709041660927,
      "modis-chla": 0.03662935762216425,
      "modis-flr": 0.0731961466602454,
      "modis-k490": 0.1111851139379509,
      "modis-par": 0.07264831140098141,
      "modis-sst": 0.07838017501672814,
      "sst-anom": 1.0
    }
  },
  "columns": [
    "oni",
    "pdo",
    "discharge",
    "da",
    "pn",
    "beuti",
    "chla-anom",
    "modis-chla",
    "modis-flr",
    "modis-k490",
    "modis-par",
    "modis-sst",
    "sst-anom"
  ],
  "site": "Cannon Beach",
  "generated_at": "2025-08-12T07:08:32.210177"
}