{
  "matrix": {
    "oni": {
      "oni": 1.0,
      "pdo": 0.5294315852238152,
      "discharge": -0.13863487773220756,
      "da": -0.007341502664828802,
      "pn": -0.05006017900541657,
      "beuti": 0.01855218313504586,
      "chla-anom": 0.003012263194935634,
      "modis-chla": -0.004451256431438197,
      "modis-flr": 0.06009326443828462,
      "modis-k490": 0.06533785011641294,
      "modis-par": 0.04865669480146051,
      "modis-sst": 0.18064796130895575,
      "sst-anom": 0.30868257922115616
    },
    "pdo": {
      "oni": 0.5294315852238152,
      "pdo": 1.0,
      "discharge": 0.027151333890868993,
      "da": 0.0857618414913224,
      "pn": -0.163654780216709,
      "beuti": 0.07745556146519682,
      "chla-anom": 0.023830350155038368,
      "modis-chla": 0.09365700630294992,
      "modis-flr": -0.09258471219249093,
      "modis-k490": 0.10015683244766306,
      "modis-par": 0.21123382359291742,
      "modis-sst": 0.2435331146460775,
      "sst-anom": 0.46029212856831786
    },
    "discharge": {
      "oni": -0.13863487773220756,
      "pdo": 0.027151333890868993,
      "discharge": 1.0,
      "da": -0.0539966133213978,
      "pn": -0.10466340696822832,
      "beuti": -0.05621176364319695,
      "chla-anom": -0.08288192040320337,
      "modis-chla": -0.23741330779310976,
      "modis-flr": -0.190699164603453,
      "modis-k490": -0.25964194037282373,
      "modis-par": -0.06797242346873066,
      "modis-sst": -0.29335393483967753,
      "sst-anom": -0.032720545555402485
    },
    "da": {
      "oni": -0.007341502664828802,
      "pdo": 0.0857618414913224,
      "discharge": -0.0539966133213978,
      "da": 1.0,
      "pn": 0.030893137138233627,
      "beuti": 0.02451812641113414,
      "chla-anom": -0.02745132712792523,
      "modis-chla": -0.05544038161258683,
      "modis-flr": 0.2195768464365945,
      "modis-k490": 0.056619462601044564,
      "modis-par": 0.012736723262103662,
      "modis-sst": -0.053074137382476475,
      "sst-anom": 0.06043184303678844
    },
    "pn": {
      "oni": -0.05006017900541657,
      "pdo": -0.163654780216709,
      "discharge": -0.10466340696822832,
      "da": 0.030893137138233627,
      "pn": 1.0,
      "beuti": 0.08262268093251107,
      "chla-anom": 0.057968948015281054,
      "modis-chla": 0.21426944397997788,
      "modis-flr": 0.38363429756580014,
      "modis-k490": 0.26642676931434073,
      "modis-par": 0.27437385523892843,
      "modis-sst": 0.2640310197234774,
      "sst-anom": -0.0963841563549415
    },
    "beuti": {
      "oni": 0.01855218313504586,
      "pdo": 0.07745556146519682,
      "discharge": -0.05621176364319695,
      "da": 0.02451812641113414,
      "pn": 0.08262268093251107,
      "beuti": 1.0,
      "chla-anom": 0.007689352296026663,
      "modis-chla": 0.09956783150819067,
      "modis-flr": 0.07567087711556714,
      "modis-k490": 0.11325795441474035,
      "modis-par": 0.18294886087781384,
      "modis-sst": 0.19205547809839685,
      "sst-anom": 0.029150863550616336
    },
    "chla-anom": {
      "oni": 0.003012263194935634,
      "pdo": 0.023830350155038368,
      "discharge": -0.08288192040320337,
      "da": -0.02745132712792523,
      "pn": 0.057968948015281054,
      "beuti": 0.007689352296026663,
      "chla-anom": 1.0,
      "modis-chla": 0.06512165993783797,
      "modis-flr": 0.026724709561119234,
      "modis-k490": 0.02103897672841907,
      "modis-par": 0.04618095531319775,
      "modis-sst": 0.05409060662962361,
      "sst-anom": -0.08075744272479493
    },
    "modis-chla": {
      "oni": -0.004451256431438197,
      "pdo": 0.09365700630294992,
      "discharge": -0.23741330779310976,
      "da": -0.05544038161258683,
      "pn": 0.21426944397997788,
      "beuti": 0.09956783150819067,
      "chla-anom": 0.06512165993783797,
      "modis-chla": 1.0,
      "modis-flr": 0.16457964166413977,
      "modis-k490": 0.6703332429539265,
      "modis-par": 0.4202789256087481,
      "modis-sst": 0.4234669287532297,
      "sst-anom": 0.049212700155319894
    },
    "modis-flr": {
      "oni": 0.06009326443828462,
      "pdo": -0.09258471219249093,
      "discharge": -0.190699164603453,
      "da": 0.2195768464365945,
      "pn": 0.38363429756580014,
      "beuti": 0.07567087711556714,
      "chla-anom": 0.026724709561119234,
      "modis-chla": 0.16457964166413977,
      "modis-flr": 1.0,
      "modis-k490": 0.34122540542063695,
      "modis-par": 0.21962696423673428,
      "modis-sst": 0.2065851057666102,
      "sst-anom": 0.09268708009381743
    },
    "modis-k490": {
      "oni": 0.06533785011641294,
      "pdo": 0.10015683244766306,
      "discharge": -0.25964194037282373,
      "da": 0.056619462601044564,
      "pn": 0.26642676931434073,
      "beuti": 0.11325795441474035,
      "chla-anom": 0.02103897672841907,
      "modis-chla": 0.6703332429539265,
      "modis-flr": 0.34122540542063695,
      "modis-k490": 1.0,
      "modis-par": 0.6027662450882234,
      "modis-sst": 0.45802227117251965,
      "sst-anom": 0.13646302772218952
    },
    "modis-par": {
      "oni": 0.04865669480146051,
      "pdo": 0.21123382359291742,
      "discharge": -0.06797242346873066,
      "da": 0.012736723262103662,
      "pn": 0.27437385523892843,
      "beuti": 0.18294886087781384,
      "chla-anom": 0.04618095531319775,
      "modis-chla": 0.4202789256087481,
      "modis-flr": 0.21962696423673428,
      "modis-k490": 0.6027662450882234,
      "modis-par": 1.0,
      "modis-sst": 0.6125345529890102,
      "sst-anom": 0.05823778632043309
    },
    "modis-sst": {
      "oni": 0.18064796130895575,
      "pdo": 0.2435331146460775,
      "discharge": -0.29335393483967753,
      "da": -0.053074137382476475,
      "pn": 0.2640310197234774,
      "beuti": 0.19205547809839685,
      "chla-anom": 0.05409060662962361,
      "modis-chla": 0.4234669287532297,
      "modis-flr": 0.2065851057666102,
      "modis-k490": 0.45802227117251965,
      "modis-par": 0.6125345529890102,
      "modis-sst": 1.0,
      "sst-anom": 0.07971508027636015
    },
    "sst-anom": {
      "oni": 0.30868257922115616,
      "pdo": 0.46029212856831786,
      "discharge": -0.032720545555402485,
      "da": 0.06043184303678844,
      "pn": -0.0963841563549415,
      "beuti": 0.029150863550616336,
      "chla-anom": -0.08075744272479493,
      "modis-chla": 0.049212700155319894,
      "modis-flr": 0.09268708009381743,
      "modis-k490": 0.13646302772218952,
      "modis-par": 0.05823778632043309,
      "modis-sst": 0.07971508027636015,
      "sst-anom": 1.0
    }
  },
  "columns": [
    "oni",
    "pdo",
    "discharge",
    "da",
    "pn",
    "beuti",
    "chla-anom",
    "modis-chla",
    "modis-flr",
    "modis-k490",
    "modis-par",
    "modis-sst",
    "sst-anom"
  ],
  "site": "Clatsop Beach",
  "generated_at": "2025-09-01T04:21:14.200342"
}