{
  "matrix": {
    "oni": {
      "oni": 1.0,
      "pdo": 0.5294315852238152,
      "discharge": -0.13863487773220756,
      "da": 0.1644452232315779,
      "pn": -0.09638385974456631,
      "beuti": -0.01027326036509589,
      "chla-anom": 0.00217858184267104,
      "modis-chla": -0.005245286648508553,
      "modis-flr": 0.06777369872488115,
      "modis-k490": 0.0543796954973204,
      "modis-par": 0.044025126532021425,
      "modis-sst": 0.2598012909205571,
      "sst-anom": 0.29190533636630195
    },
    "pdo": {
      "oni": 0.5294315852238152,
      "pdo": 1.0,
      "discharge": 0.027151333890868993,
      "da": 0.19616291280549641,
      "pn": -0.09652395196739975,
      "beuti": 0.08671884930204556,
      "chla-anom": 0.05308427770078657,
      "modis-chla": 0.15886336796645686,
      "modis-flr": -0.07876523473839445,
      "modis-k490": 0.15880604678364704,
      "modis-par": 0.21684143212296725,
      "modis-sst": 0.26965458377472457,
      "sst-anom": 0.43669207088591117
    },
    "discharge": {
      "oni": -0.13863487773220756,
      "pdo": 0.027151333890868993,
      "discharge": 1.0,
      "da": 0.01559061975481408,
      "pn": -0.028583818812545046,
      "beuti": 0.00456360672741185,
      "chla-anom": -0.020971930957800207,
      "modis-chla": -0.1476654388948519,
      "modis-flr": -0.13466256371966895,
      "modis-k490": -0.20128595444525446,
      "modis-par": -0.05591370810370381,
      "modis-sst": -0.27474464831991596,
      "sst-anom": 0.0367467777278738
    },
    "da": {
      "oni": 0.1644452232315779,
      "pdo": 0.19616291280549641,
      "discharge": 0.01559061975481408,
      "da": 1.0,
      "pn": -0.010189341044851597,
      "beuti": -0.027220623825378824,
      "chla-anom": 0.058687889311656374,
      "modis-chla": -0.05929172788742294,
      "modis-flr": 0.32155190198321026,
      "modis-k490": 0.044574478080737126,
      "modis-par": 0.0029262075404544105,
      "modis-sst": 0.09242123151960079,
      "sst-anom": 0.1453752669074183
    },
    "pn": {
      "oni": -0.09638385974456631,
      "pdo": -0.09652395196739975,
      "discharge": -0.028583818812545046,
      "da": -0.010189341044851597,
      "pn": 1.0,
      "beuti": 0.06536404883382207,
      "chla-anom": -0.03761233119226811,
      "modis-chla": 0.1823125791799412,
      "modis-flr": 0.15338786670588886,
      "modis-k490": 0.07050713099481026,
      "modis-par": 0.01739296723954112,
      "modis-sst": 0.0631403238315804,
      "sst-anom": -0.03315147878092415
    },
    "beuti": {
      "oni": -0.01027326036509589,
      "pdo": 0.08671884930204556,
      "discharge": 0.00456360672741185,
      "da": -0.027220623825378824,
      "pn": 0.06536404883382207,
      "beuti": 1.0,
      "chla-anom": -0.02757044469990671,
      "modis-chla": 0.18227344741067084,
      "modis-flr": 0.06749086955036501,
      "modis-k490": 0.184638322272568,
      "modis-par": 0.30680581670461443,
      "modis-sst": 0.12697874174673845,
      "sst-anom": -0.01766102246913235
    },
    "chla-anom": {
      "oni": 0.00217858184267104,
      "pdo": 0.05308427770078657,
      "discharge": -0.020971930957800207,
      "da": 0.058687889311656374,
      "pn": -0.03761233119226811,
      "beuti": -0.02757044469990671,
      "chla-anom": 1.0,
      "modis-chla": 0.023691223730873352,
      "modis-flr": 0.006847586367677608,
      "modis-k490": 0.015578983272381379,
      "modis-par": 0.01738102789326225,
      "modis-sst": 0.021643209964510496,
      "sst-anom": -0.18724186733143616
    },
    "modis-chla": {
      "oni": -0.005245286648508553,
      "pdo": 0.15886336796645686,
      "discharge": -0.1476654388948519,
      "da": -0.05929172788742294,
      "pn": 0.1823125791799412,
      "beuti": 0.18227344741067084,
      "chla-anom": 0.023691223730873352,
      "modis-chla": 1.0,
      "modis-flr": 0.17950583838806158,
      "modis-k490": 0.7478480659341802,
      "modis-par": 0.4803021470212615,
      "modis-sst": 0.19936481822973928,
      "sst-anom": -0.0774991709693967
    },
    "modis-flr": {
      "oni": 0.06777369872488115,
      "pdo": -0.07876523473839445,
      "discharge": -0.13466256371966895,
      "da": 0.32155190198321026,
      "pn": 0.15338786670588886,
      "beuti": 0.06749086955036501,
      "chla-anom": 0.006847586367677608,
      "modis-chla": 0.17950583838806158,
      "modis-flr": 1.0,
      "modis-k490": 0.3168797583046176,
      "modis-par": 0.17840600035777837,
      "modis-sst": 0.09042791749602785,
      "sst-anom": 0.007011750685293517
    },
    "modis-k490": {
      "oni": 0.0543796954973204,
      "pdo": 0.15880604678364704,
      "discharge": -0.20128595444525446,
      "da": 0.044574478080737126,
      "pn": 0.07050713099481026,
      "beuti": 0.184638322272568,
      "chla-anom": 0.015578983272381379,
      "modis-chla": 0.7478480659341802,
      "modis-flr": 0.3168797583046176,
      "modis-k490": 1.0,
      "modis-par": 0.6423852875408445,
      "modis-sst": 0.24648030003042065,
      "sst-anom": -0.011853492033276443
    },
    "modis-par": {
      "oni": 0.044025126532021425,
      "pdo": 0.21684143212296725,
      "discharge": -0.05591370810370381,
      "da": 0.0029262075404544105,
      "pn": 0.01739296723954112,
      "beuti": 0.30680581670461443,
      "chla-anom": 0.01738102789326225,
      "modis-chla": 0.4803021470212615,
      "modis-flr": 0.17840600035777837,
      "modis-k490": 0.6423852875408445,
      "modis-par": 1.0,
      "modis-sst": 0.39969189833516244,
      "sst-anom": -0.0636148904135477
    },
    "modis-sst": {
      "oni": 0.2598012909205571,
      "pdo": 0.26965458377472457,
      "discharge": -0.27474464831991596,
      "da": 0.09242123151960079,
      "pn": 0.0631403238315804,
      "beuti": 0.12697874174673845,
      "chla-anom": 0.021643209964510496,
      "modis-chla": 0.19936481822973928,
      "modis-flr": 0.09042791749602785,
      "modis-k490": 0.24648030003042065,
      "modis-par": 0.39969189833516244,
      "modis-sst": 1.0,
      "sst-anom": 0.03393591466743184
    },
    "sst-anom": {
      "oni": 0.29190533636630195,
      "pdo": 0.43669207088591117,
      "discharge": 0.0367467777278738,
      "da": 0.1453752669074183,
      "pn": -0.03315147878092415,
      "beuti": -0.01766102246913235,
      "chla-anom": -0.18724186733143616,
      "modis-chla": -0.0774991709693967,
      "modis-flr": 0.007011750685293517,
      "modis-k490": -0.011853492033276443,
      "modis-par": -0.0636148904135477,
      "modis-sst": 0.03393591466743184,
      "sst-anom": 1.0
    }
  },
  "columns": [
    "oni",
    "pdo",
    "discharge",
    "da",
    "pn",
    "beuti",
    "chla-anom",
    "modis-chla",
    "modis-flr",
    "modis-k490",
    "modis-par",
    "modis-sst",
    "sst-anom"
  ],
  "site": "Coos Bay"
}