{
  "matrix": {
    "oni": {
      "oni": 1.0,
      "pdo": 0.5294315852238152,
      "discharge": -0.13863487773220756,
      "da": 0.16134905298221558,
      "pn": -0.08211766690671796,
      "beuti": -0.01027326036509589,
      "chla-anom": 0.00217858184267104,
      "modis-chla": -0.005245286648508553,
      "modis-flr": 0.06777369872488115,
      "modis-k490": 0.0543796954973204,
      "modis-par": 0.044025126532021425,
      "modis-sst": 0.2598012909205571,
      "sst-anom": 0.29190533636630195
    },
    "pdo": {
      "oni": 0.5294315852238152,
      "pdo": 1.0,
      "discharge": 0.027151333890868993,
      "da": 0.14326146646690563,
      "pn": -0.08214381156043786,
      "beuti": 0.08671884930204556,
      "chla-anom": 0.05308427770078657,
      "modis-chla": 0.15886336796645686,
      "modis-flr": -0.07876523473839445,
      "modis-k490": 0.15880604678364704,
      "modis-par": 0.21684143212296725,
      "modis-sst": 0.26965458377472457,
      "sst-anom": 0.43669207088591117
    },
    "discharge": {
      "oni": -0.13863487773220756,
      "pdo": 0.027151333890868993,
      "discharge": 1.0,
      "da": -0.03065795395277817,
      "pn": 0.0017182628464515262,
      "beuti": 0.00456360672741185,
      "chla-anom": -0.020971930957800207,
      "modis-chla": -0.1476654388948519,
      "modis-flr": -0.13466256371966895,
      "modis-k490": -0.20128595444525446,
      "modis-par": -0.05591370810370381,
      "modis-sst": -0.27474464831991596,
      "sst-anom": 0.0367467777278738
    },
    "da": {
      "oni": 0.16134905298221558,
      "pdo": 0.14326146646690563,
      "discharge": -0.03065795395277817,
      "da": 1.0,
      "pn": 0.002727978433341028,
      "beuti": -0.014365894708051836,
      "chla-anom": 0.05653387597238705,
      "modis-chla": -0.07811713446102131,
      "modis-flr": 0.3371921031247848,
      "modis-k490": 0.048532651201027774,
      "modis-par": -0.011668668454513314,
      "modis-sst": 0.05292312769554509,
      "sst-anom": 0.15601085710995113
    },
    "pn": {
      "oni": -0.08211766690671796,
      "pdo": -0.08214381156043786,
      "discharge": 0.0017182628464515262,
      "da": 0.002727978433341028,
      "pn": 1.0,
      "beuti": 0.08629972711218178,
      "chla-anom": -0.04118219941095955,
      "modis-chla": 0.16587641994761465,
      "modis-flr": 0.1407821631152446,
      "modis-k490": 0.0368074041244747,
      "modis-par": 0.008644925712314948,
      "modis-sst": 0.07402234100817229,
      "sst-anom": -0.035323612083099455
    },
    "beuti": {
      "oni": -0.01027326036509589,
      "pdo": 0.08671884930204556,
      "discharge": 0.00456360672741185,
      "da": -0.014365894708051836,
      "pn": 0.08629972711218178,
      "beuti": 1.0,
      "chla-anom": -0.02757044469990671,
      "modis-chla": 0.18227344741067084,
      "modis-flr": 0.06749086955036501,
      "modis-k490": 0.184638322272568,
      "modis-par": 0.30680581670461443,
      "modis-sst": 0.12697874174673845,
      "sst-anom": -0.01766102246913235
    },
    "chla-anom": {
      "oni": 0.00217858184267104,
      "pdo": 0.05308427770078657,
      "discharge": -0.020971930957800207,
      "da": 0.05653387597238705,
      "pn": -0.04118219941095955,
      "beuti": -0.02757044469990671,
      "chla-anom": 1.0,
      "modis-chla": 0.023691223730873352,
      "modis-flr": 0.006847586367677608,
      "modis-k490": 0.015578983272381379,
      "modis-par": 0.01738102789326225,
      "modis-sst": 0.021643209964510496,
      "sst-anom": -0.18724186733143616
    },
    "modis-chla": {
      "oni": -0.005245286648508553,
      "pdo": 0.15886336796645686,
      "discharge": -0.1476654388948519,
      "da": -0.07811713446102131,
      "pn": 0.16587641994761465,
      "beuti": 0.18227344741067084,
      "chla-anom": 0.023691223730873352,
      "modis-chla": 1.0,
      "modis-flr": 0.17950583838806158,
      "modis-k490": 0.7478480659341802,
      "modis-par": 0.4803021470212615,
      "modis-sst": 0.19936481822973928,
      "sst-anom": -0.0774991709693967
    },
    "modis-flr": {
      "oni": 0.06777369872488115,
      "pdo": -0.07876523473839445,
      "discharge": -0.13466256371966895,
      "da": 0.3371921031247848,
      "pn": 0.1407821631152446,
      "beuti": 0.06749086955036501,
      "chla-anom": 0.006847586367677608,
      "modis-chla": 0.17950583838806158,
      "modis-flr": 1.0,
      "modis-k490": 0.3168797583046176,
      "modis-par": 0.17840600035777837,
      "modis-sst": 0.09042791749602785,
      "sst-anom": 0.007011750685293517
    },
    "modis-k490": {
      "oni": 0.0543796954973204,
      "pdo": 0.15880604678364704,
      "discharge": -0.20128595444525446,
      "da": 0.048532651201027774,
      "pn": 0.0368074041244747,
      "beuti": 0.184638322272568,
      "chla-anom": 0.015578983272381379,
      "modis-chla": 0.7478480659341802,
      "modis-flr": 0.3168797583046176,
      "modis-k490": 1.0,
      "modis-par": 0.6423852875408445,
      "modis-sst": 0.24648030003042065,
      "sst-anom": -0.011853492033276443
    },
    "modis-par": {
      "oni": 0.044025126532021425,
      "pdo": 0.21684143212296725,
      "discharge": -0.05591370810370381,
      "da": -0.011668668454513314,
      "pn": 0.008644925712314948,
      "beuti": 0.30680581670461443,
      "chla-anom": 0.01738102789326225,
      "modis-chla": 0.4803021470212615,
      "modis-flr": 0.17840600035777837,
      "modis-k490": 0.6423852875408445,
      "modis-par": 1.0,
      "modis-sst": 0.39969189833516244,
      "sst-anom": -0.0636148904135477
    },
    "modis-sst": {
      "oni": 0.2598012909205571,
      "pdo": 0.26965458377472457,
      "discharge": -0.27474464831991596,
      "da": 0.05292312769554509,
      "pn": 0.07402234100817229,
      "beuti": 0.12697874174673845,
      "chla-anom": 0.021643209964510496,
      "modis-chla": 0.19936481822973928,
      "modis-flr": 0.09042791749602785,
      "modis-k490": 0.24648030003042065,
      "modis-par": 0.39969189833516244,
      "modis-sst": 1.0,
      "sst-anom": 0.03393591466743184
    },
    "sst-anom": {
      "oni": 0.29190533636630195,
      "pdo": 0.43669207088591117,
      "discharge": 0.0367467777278738,
      "da": 0.15601085710995113,
      "pn": -0.035323612083099455,
      "beuti": -0.01766102246913235,
      "chla-anom": -0.18724186733143616,
      "modis-chla": -0.0774991709693967,
      "modis-flr": 0.007011750685293517,
      "modis-k490": -0.011853492033276443,
      "modis-par": -0.0636148904135477,
      "modis-sst": 0.03393591466743184,
      "sst-anom": 1.0
    }
  },
  "columns": [
    "oni",
    "pdo",
    "discharge",
    "da",
    "pn",
    "beuti",
    "chla-anom",
    "modis-chla",
    "modis-flr",
    "modis-k490",
    "modis-par",
    "modis-sst",
    "sst-anom"
  ],
  "site": "Coos Bay",
  "generated_at": "2025-09-01T04:21:14.201804"
}