{
  "matrix": {
    "oni": {
      "oni": 1.0,
      "pdo": 0.5294315852238152,
      "discharge": -0.13863487773220756,
      "da": 0.18746752881830314,
      "pn": -0.002052631841850617,
      "beuti": 0.014110711500292961,
      "chla-anom": 0.07374073818772643,
      "modis-chla": 0.013299976283540365,
      "modis-flr": 0.07668400420546795,
      "modis-k490": 0.08434694155843507,
      "modis-par": 0.05220161706387855,
      "modis-sst": 0.1484261125906385,
      "sst-anom": 0.284600768902939
    },
    "pdo": {
      "oni": 0.5294315852238152,
      "pdo": 1.0,
      "discharge": 0.027151333890868993,
      "da": 0.2687907765111671,
      "pn": 0.07408869950150171,
      "beuti": 0.09757612105763219,
      "chla-anom": 0.14666225368656455,
      "modis-chla": 0.15008657592041488,
      "modis-flr": -0.09381697784812186,
      "modis-k490": 0.1377080418369333,
      "modis-par": 0.21947488703937384,
      "modis-sst": 0.21060436463703228,
      "sst-anom": 0.39842048798645985
    },
    "discharge": {
      "oni": -0.13863487773220756,
      "pdo": 0.027151333890868993,
      "discharge": 1.0,
      "da": -0.043998873027747014,
      "pn": -0.04926245967420816,
      "beuti": -0.04091901957216706,
      "chla-anom": -0.03215066747524815,
      "modis-chla": -0.20501308385489656,
      "modis-flr": -0.12425801254222497,
      "modis-k490": -0.14784533763252294,
      "modis-par": -0.05168648163277768,
      "modis-sst": -0.29246237541222536,
      "sst-anom": -0.032703085828132736
    },
    "da": {
      "oni": 0.18746752881830314,
      "pdo": 0.2687907765111671,
      "discharge": -0.043998873027747014,
      "da": 1.0,
      "pn": 0.03915193242050243,
      "beuti": 0.056999283154222355,
      "chla-anom": 0.028279837278436207,
      "modis-chla": -0.02637881094027927,
      "modis-flr": 0.1338987522962805,
      "modis-k490": 0.011202258677490615,
      "modis-par": 0.09311400404888044,
      "modis-sst": 0.012046051472489112,
      "sst-anom": 0.173088113857312
    },
    "pn": {
      "oni": -0.002052631841850617,
      "pdo": 0.07408869950150171,
      "discharge": -0.04926245967420816,
      "da": 0.03915193242050243,
      "pn": 1.0,
      "beuti": 0.034962963517551154,
      "chla-anom": 0.08926260510115219,
      "modis-chla": 0.09302096431897547,
      "modis-flr": -0.11237531255683705,
      "modis-k490": 0.09940594234033683,
      "modis-par": 0.15143531534177834,
      "modis-sst": 0.07457913616469829,
      "sst-anom": 0.03446793077668732
    },
    "beuti": {
      "oni": 0.014110711500292961,
      "pdo": 0.09757612105763219,
      "discharge": -0.04091901957216706,
      "da": 0.056999283154222355,
      "pn": 0.034962963517551154,
      "beuti": 1.0,
      "chla-anom": -0.07484296725916832,
      "modis-chla": 0.13379373541878162,
      "modis-flr": 0.10660775774621677,
      "modis-k490": 0.0967715399869475,
      "modis-par": 0.23824845832288427,
      "modis-sst": 0.2710592713472486,
      "sst-anom": 0.015840705283684406
    },
    "chla-anom": {
      "oni": 0.07374073818772643,
      "pdo": 0.14666225368656455,
      "discharge": -0.03215066747524815,
      "da": 0.028279837278436207,
      "pn": 0.08926260510115219,
      "beuti": -0.07484296725916832,
      "chla-anom": 1.0,
      "modis-chla": 0.07052920378532662,
      "modis-flr": -0.14172278585201173,
      "modis-k490": 0.0015642611279788484,
      "modis-par": 0.04061008489092545,
      "modis-sst": -0.03239057003447577,
      "sst-anom": -0.19668807393976623
    },
    "modis-chla": {
      "oni": 0.013299976283540365,
      "pdo": 0.15008657592041488,
      "discharge": -0.20501308385489656,
      "da": -0.02637881094027927,
      "pn": 0.09302096431897547,
      "beuti": 0.13379373541878162,
      "chla-anom": 0.07052920378532662,
      "modis-chla": 1.0,
      "modis-flr": -0.01892581901659509,
      "modis-k490": 0.5937633252634613,
      "modis-par": 0.32357278385556243,
      "modis-sst": 0.3551389827999926,
      "sst-anom": 0.0035517187401858056
    },
    "modis-flr": {
      "oni": 0.07668400420546795,
      "pdo": -0.09381697784812186,
      "discharge": -0.12425801254222497,
      "da": 0.1338987522962805,
      "pn": -0.11237531255683705,
      "beuti": 0.10660775774621677,
      "chla-anom": -0.14172278585201173,
      "modis-chla": -0.01892581901659509,
      "modis-flr": 1.0,
      "modis-k490": 0.09808731005214243,
      "modis-par": 0.08847090191078912,
      "modis-sst": 0.09734596120943587,
      "sst-anom": 0.15381602899425226
    },
    "modis-k490": {
      "oni": 0.08434694155843507,
      "pdo": 0.1377080418369333,
      "discharge": -0.14784533763252294,
      "da": 0.011202258677490615,
      "pn": 0.09940594234033683,
      "beuti": 0.0967715399869475,
      "chla-anom": 0.0015642611279788484,
      "modis-chla": 0.5937633252634613,
      "modis-flr": 0.09808731005214243,
      "modis-k490": 1.0,
      "modis-par": 0.3941957507025653,
      "modis-sst": 0.30404798518067677,
      "sst-anom": 0.09487895860835992
    },
    "modis-par": {
      "oni": 0.05220161706387855,
      "pdo": 0.21947488703937384,
      "discharge": -0.05168648163277768,
      "da": 0.09311400404888044,
      "pn": 0.15143531534177834,
      "beuti": 0.23824845832288427,
      "chla-anom": 0.04061008489092545,
      "modis-chla": 0.32357278385556243,
      "modis-flr": 0.08847090191078912,
      "modis-k490": 0.3941957507025653,
      "modis-par": 1.0,
      "modis-sst": 0.6116896953049951,
      "sst-anom": 0.03389914903398527
    },
    "modis-sst": {
      "oni": 0.1484261125906385,
      "pdo": 0.21060436463703228,
      "discharge": -0.29246237541222536,
      "da": 0.012046051472489112,
      "pn": 0.07457913616469829,
      "beuti": 0.2710592713472486,
      "chla-anom": -0.03239057003447577,
      "modis-chla": 0.3551389827999926,
      "modis-flr": 0.09734596120943587,
      "modis-k490": 0.30404798518067677,
      "modis-par": 0.6116896953049951,
      "modis-sst": 1.0,
      "sst-anom": 0.016762513413146916
    },
    "sst-anom": {
      "oni": 0.284600768902939,
      "pdo": 0.39842048798645985,
      "discharge": -0.032703085828132736,
      "da": 0.173088113857312,
      "pn": 0.03446793077668732,
      "beuti": 0.015840705283684406,
      "chla-anom": -0.19668807393976623,
      "modis-chla": 0.0035517187401858056,
      "modis-flr": 0.15381602899425226,
      "modis-k490": 0.09487895860835992,
      "modis-par": 0.03389914903398527,
      "modis-sst": 0.016762513413146916,
      "sst-anom": 1.0
    }
  },
  "columns": [
    "oni",
    "pdo",
    "discharge",
    "da",
    "pn",
    "beuti",
    "chla-anom",
    "modis-chla",
    "modis-flr",
    "modis-k490",
    "modis-par",
    "modis-sst",
    "sst-anom"
  ],
  "site": "Copalis"
}