{
  "matrix": {
    "oni": {
      "oni": 1.0,
      "pdo": 0.5294315852238152,
      "discharge": -0.13863487773220756,
      "da": 0.031335083740737714,
      "pn": -0.06443471859877405,
      "beuti": -0.03206491209957747,
      "chla-anom": 0.11464479237663201,
      "modis-chla": 0.058597861001434264,
      "modis-flr": 0.13250917879652602,
      "modis-k490": 0.12010949841782644,
      "modis-par": 0.04394808389446647,
      "modis-sst": 0.3137181101017506,
      "sst-anom": 0.3052428160139604
    },
    "pdo": {
      "oni": 0.5294315852238152,
      "pdo": 1.0,
      "discharge": 0.027151333890868993,
      "da": 0.060137450142393356,
      "pn": -0.120917887978787,
      "beuti": 0.06519520692481602,
      "chla-anom": 0.2771492327687076,
      "modis-chla": 0.24718151599371385,
      "modis-flr": -0.02588609544857516,
      "modis-k490": 0.27696344748819907,
      "modis-par": 0.2082974637811234,
      "modis-sst": 0.2472212733262801,
      "sst-anom": 0.42925949950098286
    },
    "discharge": {
      "oni": -0.13863487773220756,
      "pdo": 0.027151333890868993,
      "discharge": 1.0,
      "da": -0.017815690472004497,
      "pn": -0.10686720930636812,
      "beuti": 0.04012794298289269,
      "chla-anom": 0.02934669005063705,
      "modis-chla": -0.023285214029604227,
      "modis-flr": -0.07330135308649782,
      "modis-k490": -0.1048551812493644,
      "modis-par": -0.06044449470982491,
      "modis-sst": -0.26630414785636836,
      "sst-anom": 0.0856355255999277
    },
    "da": {
      "oni": 0.031335083740737714,
      "pdo": 0.060137450142393356,
      "discharge": -0.017815690472004497,
      "da": 1.0,
      "pn": -0.005576509599925624,
      "beuti": 0.04155119655687124,
      "chla-anom": -0.016066877527756332,
      "modis-chla": -0.03341310688532906,
      "modis-flr": 0.13709017537402707,
      "modis-k490": 0.01735670978746786,
      "modis-par": 0.08200098057364955,
      "modis-sst": 0.0924794679360756,
      "sst-anom": -0.000984970463205305
    },
    "pn": {
      "oni": -0.06443471859877405,
      "pdo": -0.120917887978787,
      "discharge": -0.10686720930636812,
      "da": -0.005576509599925624,
      "pn": 1.0,
      "beuti": 0.03418092653550797,
      "chla-anom": -0.1359234528925251,
      "modis-chla": 0.021495487857249647,
      "modis-flr": 0.02798727690771297,
      "modis-k490": -0.05054841518774501,
      "modis-par": -0.015429057833629198,
      "modis-sst": 0.008568942348515686,
      "sst-anom": -0.08490409837764377
    },
    "beuti": {
      "oni": -0.03206491209957747,
      "pdo": 0.06519520692481602,
      "discharge": 0.04012794298289269,
      "da": 0.04155119655687124,
      "pn": 0.03418092653550797,
      "beuti": 1.0,
      "chla-anom": -0.055742756646438345,
      "modis-chla": 0.164677999140793,
      "modis-flr": 0.07364550227957237,
      "modis-k490": 0.13838451673089722,
      "modis-par": 0.3286537155243321,
      "modis-sst": -0.00565878818073974,
      "sst-anom": -0.0558874063264599
    },
    "chla-anom": {
      "oni": 0.11464479237663201,
      "pdo": 0.2771492327687076,
      "discharge": 0.02934669005063705,
      "da": -0.016066877527756332,
      "pn": -0.1359234528925251,
      "beuti": -0.055742756646438345,
      "chla-anom": 1.0,
      "modis-chla": 0.12194304421463154,
      "modis-flr": -0.08543134021104275,
      "modis-k490": 0.18440336546543795,
      "modis-par": -0.011014578030707827,
      "modis-sst": 0.0626307615386832,
      "sst-anom": 0.09699266210568779
    },
    "modis-chla": {
      "oni": 0.058597861001434264,
      "pdo": 0.24718151599371385,
      "discharge": -0.023285214029604227,
      "da": -0.03341310688532906,
      "pn": 0.021495487857249647,
      "beuti": 0.164677999140793,
      "chla-anom": 0.12194304421463154,
      "modis-chla": 1.0,
      "modis-flr": 0.10938908795932176,
      "modis-k490": 0.7673074509633615,
      "modis-par": 0.4418682970139443,
      "modis-sst": 0.12347026832814538,
      "sst-anom": -0.02826143202600711
    },
    "modis-flr": {
      "oni": 0.13250917879652602,
      "pdo": -0.02588609544857516,
      "discharge": -0.07330135308649782,
      "da": 0.13709017537402707,
      "pn": 0.02798727690771297,
      "beuti": 0.07364550227957237,
      "chla-anom": -0.08543134021104275,
      "modis-chla": 0.10938908795932176,
      "modis-flr": 1.0,
      "modis-k490": 0.2465965288912405,
      "modis-par": 0.21791303075947932,
      "modis-sst": 0.12585326933839242,
      "sst-anom": -0.007829865019629297
    },
    "modis-k490": {
      "oni": 0.12010949841782644,
      "pdo": 0.27696344748819907,
      "discharge": -0.1048551812493644,
      "da": 0.01735670978746786,
      "pn": -0.05054841518774501,
      "beuti": 0.13838451673089722,
      "chla-anom": 0.18440336546543795,
      "modis-chla": 0.7673074509633615,
      "modis-flr": 0.2465965288912405,
      "modis-k490": 1.0,
      "modis-par": 0.5856262718211352,
      "modis-sst": 0.22917563135822686,
      "sst-anom": 0.03834236223316058
    },
    "modis-par": {
      "oni": 0.04394808389446647,
      "pdo": 0.2082974637811234,
      "discharge": -0.06044449470982491,
      "da": 0.08200098057364955,
      "pn": -0.015429057833629198,
      "beuti": 0.3286537155243321,
      "chla-anom": -0.011014578030707827,
      "modis-chla": 0.4418682970139443,
      "modis-flr": 0.21791303075947932,
      "modis-k490": 0.5856262718211352,
      "modis-par": 1.0,
      "modis-sst": 0.1690997784620841,
      "sst-anom": -0.10335350292761243
    },
    "modis-sst": {
      "oni": 0.3137181101017506,
      "pdo": 0.2472212733262801,
      "discharge": -0.26630414785636836,
      "da": 0.0924794679360756,
      "pn": 0.008568942348515686,
      "beuti": -0.00565878818073974,
      "chla-anom": 0.0626307615386832,
      "modis-chla": 0.12347026832814538,
      "modis-flr": 0.12585326933839242,
      "modis-k490": 0.22917563135822686,
      "modis-par": 0.1690997784620841,
      "modis-sst": 1.0,
      "sst-anom": 0.08767301544642263
    },
    "sst-anom": {
      "oni": 0.3052428160139604,
      "pdo": 0.42925949950098286,
      "discharge": 0.0856355255999277,
      "da": -0.000984970463205305,
      "pn": -0.08490409837764377,
      "beuti": -0.0558874063264599,
      "chla-anom": 0.09699266210568779,
      "modis-chla": -0.02826143202600711,
      "modis-flr": -0.007829865019629297,
      "modis-k490": 0.03834236223316058,
      "modis-par": -0.10335350292761243,
      "modis-sst": 0.08767301544642263,
      "sst-anom": 1.0
    }
  },
  "columns": [
    "oni",
    "pdo",
    "discharge",
    "da",
    "pn",
    "beuti",
    "chla-anom",
    "modis-chla",
    "modis-flr",
    "modis-k490",
    "modis-par",
    "modis-sst",
    "sst-anom"
  ],
  "site": "Gold Beach"
}