{
  "matrix": {
    "oni": {
      "oni": 1.0,
      "pdo": 0.5294315852238152,
      "discharge": -0.13863487773220756,
      "da": 0.03348627711165413,
      "pn": -0.06437366653279211,
      "beuti": -0.03206491209957747,
      "chla-anom": 0.11464479237663201,
      "modis-chla": 0.058597861001434264,
      "modis-flr": 0.13250917879652602,
      "modis-k490": 0.12010949841782644,
      "modis-par": 0.04394808389446647,
      "modis-sst": 0.3137181101017506,
      "sst-anom": 0.3052428160139604
    },
    "pdo": {
      "oni": 0.5294315852238152,
      "pdo": 1.0,
      "discharge": 0.027151333890868993,
      "da": 0.04644354405117353,
      "pn": -0.13650265445176346,
      "beuti": 0.06519520692481602,
      "chla-anom": 0.2771492327687076,
      "modis-chla": 0.24718151599371385,
      "modis-flr": -0.02588609544857516,
      "modis-k490": 0.27696344748819907,
      "modis-par": 0.2082974637811234,
      "modis-sst": 0.2472212733262801,
      "sst-anom": 0.42925949950098286
    },
    "discharge": {
      "oni": -0.13863487773220756,
      "pdo": 0.027151333890868993,
      "discharge": 1.0,
      "da": -0.04107484940081263,
      "pn": -0.13169907364405486,
      "beuti": 0.04012794298289269,
      "chla-anom": 0.02934669005063705,
      "modis-chla": -0.023285214029604227,
      "modis-flr": -0.07330135308649782,
      "modis-k490": -0.1048551812493644,
      "modis-par": -0.06044449470982491,
      "modis-sst": -0.26630414785636836,
      "sst-anom": 0.0856355255999277
    },
    "da": {
      "oni": 0.03348627711165413,
      "pdo": 0.04644354405117353,
      "discharge": -0.04107484940081263,
      "da": 1.0,
      "pn": 0.014425468072775702,
      "beuti": 0.039302631451985766,
      "chla-anom": -0.018948338348049577,
      "modis-chla": -0.045871504402929704,
      "modis-flr": 0.1647440591851441,
      "modis-k490": 0.021948820762886834,
      "modis-par": 0.06738547382550954,
      "modis-sst": 0.10601459820541294,
      "sst-anom": -0.013403499539546566
    },
    "pn": {
      "oni": -0.06437366653279211,
      "pdo": -0.13650265445176346,
      "discharge": -0.13169907364405486,
      "da": 0.014425468072775702,
      "pn": 1.0,
      "beuti": 0.04309430031704807,
      "chla-anom": -0.1730309974275575,
      "modis-chla": 0.017991464446407313,
      "modis-flr": 0.05414260491526791,
      "modis-k490": -0.05542430162566088,
      "modis-par": 0.0018470492191787651,
      "modis-sst": 0.028620101570389758,
      "sst-anom": -0.09200414321524705
    },
    "beuti": {
      "oni": -0.03206491209957747,
      "pdo": 0.06519520692481602,
      "discharge": 0.04012794298289269,
      "da": 0.039302631451985766,
      "pn": 0.04309430031704807,
      "beuti": 1.0,
      "chla-anom": -0.055742756646438345,
      "modis-chla": 0.164677999140793,
      "modis-flr": 0.07364550227957237,
      "modis-k490": 0.13838451673089722,
      "modis-par": 0.3286537155243321,
      "modis-sst": -0.00565878818073974,
      "sst-anom": -0.0558874063264599
    },
    "chla-anom": {
      "oni": 0.11464479237663201,
      "pdo": 0.2771492327687076,
      "discharge": 0.02934669005063705,
      "da": -0.018948338348049577,
      "pn": -0.1730309974275575,
      "beuti": -0.055742756646438345,
      "chla-anom": 1.0,
      "modis-chla": 0.12194304421463154,
      "modis-flr": -0.08543134021104275,
      "modis-k490": 0.18440336546543795,
      "modis-par": -0.011014578030707827,
      "modis-sst": 0.0626307615386832,
      "sst-anom": 0.09699266210568779
    },
    "modis-chla": {
      "oni": 0.058597861001434264,
      "pdo": 0.24718151599371385,
      "discharge": -0.023285214029604227,
      "da": -0.045871504402929704,
      "pn": 0.017991464446407313,
      "beuti": 0.164677999140793,
      "chla-anom": 0.12194304421463154,
      "modis-chla": 1.0,
      "modis-flr": 0.10938908795932176,
      "modis-k490": 0.7673074509633615,
      "modis-par": 0.4418682970139443,
      "modis-sst": 0.12347026832814538,
      "sst-anom": -0.02826143202600711
    },
    "modis-flr": {
      "oni": 0.13250917879652602,
      "pdo": -0.02588609544857516,
      "discharge": -0.07330135308649782,
      "da": 0.1647440591851441,
      "pn": 0.05414260491526791,
      "beuti": 0.07364550227957237,
      "chla-anom": -0.08543134021104275,
      "modis-chla": 0.10938908795932176,
      "modis-flr": 1.0,
      "modis-k490": 0.2465965288912405,
      "modis-par": 0.21791303075947932,
      "modis-sst": 0.12585326933839242,
      "sst-anom": -0.007829865019629297
    },
    "modis-k490": {
      "oni": 0.12010949841782644,
      "pdo": 0.27696344748819907,
      "discharge": -0.1048551812493644,
      "da": 0.021948820762886834,
      "pn": -0.05542430162566088,
      "beuti": 0.13838451673089722,
      "chla-anom": 0.18440336546543795,
      "modis-chla": 0.7673074509633615,
      "modis-flr": 0.2465965288912405,
      "modis-k490": 1.0,
      "modis-par": 0.5856262718211352,
      "modis-sst": 0.22917563135822686,
      "sst-anom": 0.03834236223316058
    },
    "modis-par": {
      "oni": 0.04394808389446647,
      "pdo": 0.2082974637811234,
      "discharge": -0.06044449470982491,
      "da": 0.06738547382550954,
      "pn": 0.0018470492191787651,
      "beuti": 0.3286537155243321,
      "chla-anom": -0.011014578030707827,
      "modis-chla": 0.4418682970139443,
      "modis-flr": 0.21791303075947932,
      "modis-k490": 0.5856262718211352,
      "modis-par": 1.0,
      "modis-sst": 0.1690997784620841,
      "sst-anom": -0.10335350292761243
    },
    "modis-sst": {
      "oni": 0.3137181101017506,
      "pdo": 0.2472212733262801,
      "discharge": -0.26630414785636836,
      "da": 0.10601459820541294,
      "pn": 0.028620101570389758,
      "beuti": -0.00565878818073974,
      "chla-anom": 0.0626307615386832,
      "modis-chla": 0.12347026832814538,
      "modis-flr": 0.12585326933839242,
      "modis-k490": 0.22917563135822686,
      "modis-par": 0.1690997784620841,
      "modis-sst": 1.0,
      "sst-anom": 0.08767301544642263
    },
    "sst-anom": {
      "oni": 0.3052428160139604,
      "pdo": 0.42925949950098286,
      "discharge": 0.0856355255999277,
      "da": -0.013403499539546566,
      "pn": -0.09200414321524705,
      "beuti": -0.0558874063264599,
      "chla-anom": 0.09699266210568779,
      "modis-chla": -0.02826143202600711,
      "modis-flr": -0.007829865019629297,
      "modis-k490": 0.03834236223316058,
      "modis-par": -0.10335350292761243,
      "modis-sst": 0.08767301544642263,
      "sst-anom": 1.0
    }
  },
  "columns": [
    "oni",
    "pdo",
    "discharge",
    "da",
    "pn",
    "beuti",
    "chla-anom",
    "modis-chla",
    "modis-flr",
    "modis-k490",
    "modis-par",
    "modis-sst",
    "sst-anom"
  ],
  "site": "Gold Beach"
}