{
  "matrix": {
    "oni": {
      "oni": 1.0,
      "pdo": 0.5294315852238152,
      "discharge": -0.13863487773220756,
      "da": 0.2395954544295721,
      "pn": -0.006486300594526564,
      "beuti": 0.014450638476907248,
      "chla-anom": 0.08392718150344274,
      "modis-chla": 0.016651942866852912,
      "modis-flr": 0.08978787465108738,
      "modis-k490": 0.09991119137178532,
      "modis-par": 0.0514903557262745,
      "modis-sst": 0.146894623678098,
      "sst-anom": 0.27476448887197913
    },
    "pdo": {
      "oni": 0.5294315852238152,
      "pdo": 1.0,
      "discharge": 0.027151333890868993,
      "da": 0.3678846406912346,
      "pn": 0.07408532575782661,
      "beuti": 0.09975075497206413,
      "chla-anom": 0.177904326001291,
      "modis-chla": 0.09166194476382376,
      "modis-flr": -0.08198052527010767,
      "modis-k490": 0.12028641470223611,
      "modis-par": 0.21875840723544254,
      "modis-sst": 0.20109584817393727,
      "sst-anom": 0.3935697765350103
    },
    "discharge": {
      "oni": -0.13863487773220756,
      "pdo": 0.027151333890868993,
      "discharge": 1.0,
      "da": -0.05293112060929962,
      "pn": -0.05700525052971267,
      "beuti": -0.04144125890240831,
      "chla-anom": -0.060899107431912965,
      "modis-chla": -0.22694394249476374,
      "modis-flr": -0.0788290048868183,
      "modis-k490": -0.25464359896673094,
      "modis-par": -0.046979083749159455,
      "modis-sst": -0.29788845506797607,
      "sst-anom": -0.03721926634585023
    },
    "da": {
      "oni": 0.2395954544295721,
      "pdo": 0.3678846406912346,
      "discharge": -0.05293112060929962,
      "da": 1.0,
      "pn": 0.08745620360470897,
      "beuti": 0.0355632558034167,
      "chla-anom": 0.11029766959480503,
      "modis-chla": 0.05425176939761677,
      "modis-flr": -0.06192315338421056,
      "modis-k490": 0.09599777063140245,
      "modis-par": 0.12417753764363558,
      "modis-sst": 0.011947683287981854,
      "sst-anom": 0.15656229106512934
    },
    "pn": {
      "oni": -0.006486300594526564,
      "pdo": 0.07408532575782661,
      "discharge": -0.05700525052971267,
      "da": 0.08745620360470897,
      "pn": 1.0,
      "beuti": 0.04034084908007957,
      "chla-anom": 0.02465572888696289,
      "modis-chla": 0.10529663711731184,
      "modis-flr": -0.09692560263751279,
      "modis-k490": 0.11442229332684734,
      "modis-par": 0.17858656127662573,
      "modis-sst": 0.08620175284353906,
      "sst-anom": 0.021950753324118017
    },
    "beuti": {
      "oni": 0.014450638476907248,
      "pdo": 0.09975075497206413,
      "discharge": -0.04144125890240831,
      "da": 0.0355632558034167,
      "pn": 0.04034084908007957,
      "beuti": 1.0,
      "chla-anom": -0.06319803141206008,
      "modis-chla": 0.12605125196839673,
      "modis-flr": 0.12032701509880551,
      "modis-k490": 0.13869857348250328,
      "modis-par": 0.2487990750193875,
      "modis-sst": 0.27418815433717525,
      "sst-anom": 0.004646356692477749
    },
    "chla-anom": {
      "oni": 0.08392718150344274,
      "pdo": 0.177904326001291,
      "discharge": -0.060899107431912965,
      "da": 0.11029766959480503,
      "pn": 0.02465572888696289,
      "beuti": -0.06319803141206008,
      "chla-anom": 1.0,
      "modis-chla": 0.12224976456761609,
      "modis-flr": -0.08008145309204494,
      "modis-k490": 0.09121020620489051,
      "modis-par": 0.21763523366510548,
      "modis-sst": 0.10732683803106621,
      "sst-anom": -0.22326971114101993
    },
    "modis-chla": {
      "oni": 0.016651942866852912,
      "pdo": 0.09166194476382376,
      "discharge": -0.22694394249476374,
      "da": 0.05425176939761677,
      "pn": 0.10529663711731184,
      "beuti": 0.12605125196839673,
      "chla-anom": 0.12224976456761609,
      "modis-chla": 1.0,
      "modis-flr": 0.02896049232209767,
      "modis-k490": 0.6991708597992304,
      "modis-par": 0.3874781892665006,
      "modis-sst": 0.34599201288456943,
      "sst-anom": -0.06392163210279073
    },
    "modis-flr": {
      "oni": 0.08978787465108738,
      "pdo": -0.08198052527010767,
      "discharge": -0.0788290048868183,
      "da": -0.06192315338421056,
      "pn": -0.09692560263751279,
      "beuti": 0.12032701509880551,
      "chla-anom": -0.08008145309204494,
      "modis-chla": 0.02896049232209767,
      "modis-flr": 1.0,
      "modis-k490": 0.15763513006444443,
      "modis-par": 0.10971015848894602,
      "modis-sst": 0.08531125567492848,
      "sst-anom": 0.1399905083654233
    },
    "modis-k490": {
      "oni": 0.09991119137178532,
      "pdo": 0.12028641470223611,
      "discharge": -0.25464359896673094,
      "da": 0.09599777063140245,
      "pn": 0.11442229332684734,
      "beuti": 0.13869857348250328,
      "chla-anom": 0.09121020620489051,
      "modis-chla": 0.6991708597992304,
      "modis-flr": 0.15763513006444443,
      "modis-k490": 1.0,
      "modis-par": 0.5153418993297213,
      "modis-sst": 0.3887490738552723,
      "sst-anom": 0.04291965394499836
    },
    "modis-par": {
      "oni": 0.0514903557262745,
      "pdo": 0.21875840723544254,
      "discharge": -0.046979083749159455,
      "da": 0.12417753764363558,
      "pn": 0.17858656127662573,
      "beuti": 0.2487990750193875,
      "chla-anom": 0.21763523366510548,
      "modis-chla": 0.3874781892665006,
      "modis-flr": 0.10971015848894602,
      "modis-k490": 0.5153418993297213,
      "modis-par": 1.0,
      "modis-sst": 0.6053172517977748,
      "sst-anom": 0.024372601461347905
    },
    "modis-sst": {
      "oni": 0.146894623678098,
      "pdo": 0.20109584817393727,
      "discharge": -0.29788845506797607,
      "da": 0.011947683287981854,
      "pn": 0.08620175284353906,
      "beuti": 0.27418815433717525,
      "chla-anom": 0.10732683803106621,
      "modis-chla": 0.34599201288456943,
      "modis-flr": 0.08531125567492848,
      "modis-k490": 0.3887490738552723,
      "modis-par": 0.6053172517977748,
      "modis-sst": 1.0,
      "sst-anom": 0.005985174847195549
    },
    "sst-anom": {
      "oni": 0.27476448887197913,
      "pdo": 0.3935697765350103,
      "discharge": -0.03721926634585023,
      "da": 0.15656229106512934,
      "pn": 0.021950753324118017,
      "beuti": 0.004646356692477749,
      "chla-anom": -0.22326971114101993,
      "modis-chla": -0.06392163210279073,
      "modis-flr": 0.1399905083654233,
      "modis-k490": 0.04291965394499836,
      "modis-par": 0.024372601461347905,
      "modis-sst": 0.005985174847195549,
      "sst-anom": 1.0
    }
  },
  "columns": [
    "oni",
    "pdo",
    "discharge",
    "da",
    "pn",
    "beuti",
    "chla-anom",
    "modis-chla",
    "modis-flr",
    "modis-k490",
    "modis-par",
    "modis-sst",
    "sst-anom"
  ],
  "site": "Kalaloch"
}