{
  "matrix": {
    "oni": {
      "oni": 1.0,
      "pdo": 0.5294315852238152,
      "discharge": -0.13863487773220756,
      "da": 0.10045544397639346,
      "pn": 0.06462671130454116,
      "beuti": 0.01647783483957677,
      "chla-anom": 0.09945198535421179,
      "modis-chla": 0.03659023224759637,
      "modis-flr": 0.07134751418232793,
      "modis-k490": 0.014999987793453209,
      "modis-par": 0.04975794970835635,
      "modis-sst": 0.15875030673302803,
      "sst-anom": 0.28312760926702923
    },
    "pdo": {
      "oni": 0.5294315852238152,
      "pdo": 1.0,
      "discharge": 0.027151333890868993,
      "da": 0.22402840610933494,
      "pn": 0.15532369097584847,
      "beuti": 0.09917603428278264,
      "chla-anom": 0.14098912203988098,
      "modis-chla": 0.15252469030627214,
      "modis-flr": -0.07933151378099061,
      "modis-k490": 0.09871011998212172,
      "modis-par": 0.21570051472943302,
      "modis-sst": 0.21387107522061072,
      "sst-anom": 0.4008775510424425
    },
    "discharge": {
      "oni": -0.13863487773220756,
      "pdo": 0.027151333890868993,
      "discharge": 1.0,
      "da": -0.03293334725676195,
      "pn": -0.10485050229178339,
      "beuti": -0.04699956901985154,
      "chla-anom": -0.07333179799279921,
      "modis-chla": -0.19056874847150898,
      "modis-flr": -0.15673167527461965,
      "modis-k490": -0.1737899540499311,
      "modis-par": -0.05500435407990356,
      "modis-sst": -0.2904871321469208,
      "sst-anom": -0.055558923654881374
    },
    "da": {
      "oni": 0.10045544397639346,
      "pdo": 0.22402840610933494,
      "discharge": -0.03293334725676195,
      "da": 1.0,
      "pn": 0.14585994740055258,
      "beuti": 0.04568562980703218,
      "chla-anom": 0.0983463373473112,
      "modis-chla": -0.015860522888057442,
      "modis-flr": 0.23783847092968421,
      "modis-k490": 0.003335309772191757,
      "modis-par": 0.019258345767872685,
      "modis-sst": -0.024818302319600298,
      "sst-anom": 0.10674852844660815
    },
    "pn": {
      "oni": 0.06462671130454116,
      "pdo": 0.15532369097584847,
      "discharge": -0.10485050229178339,
      "da": 0.14585994740055258,
      "pn": 1.0,
      "beuti": 0.06448722437607632,
      "chla-anom": 0.12826558937637586,
      "modis-chla": 0.12935307566662776,
      "modis-flr": -0.03210866789985838,
      "modis-k490": 0.11453874075762972,
      "modis-par": 0.17167162591022217,
      "modis-sst": 0.16626219250209243,
      "sst-anom": -0.0028223277906797985
    },
    "beuti": {
      "oni": 0.01647783483957677,
      "pdo": 0.09917603428278264,
      "discharge": -0.04699956901985154,
      "da": 0.04568562980703218,
      "pn": 0.06448722437607632,
      "beuti": 1.0,
      "chla-anom": -0.06832107180502625,
      "modis-chla": 0.14481799265183082,
      "modis-flr": 0.12525986507967202,
      "modis-k490": 0.13609117628624773,
      "modis-par": 0.24750165595308415,
      "modis-sst": 0.2650296667624506,
      "sst-anom": 0.03146844310133563
    },
    "chla-anom": {
      "oni": 0.09945198535421179,
      "pdo": 0.14098912203988098,
      "discharge": -0.07333179799279921,
      "da": 0.0983463373473112,
      "pn": 0.12826558937637586,
      "beuti": -0.06832107180502625,
      "chla-anom": 1.0,
      "modis-chla": 0.13995803489252,
      "modis-flr": -0.03186501138164344,
      "modis-k490": 0.12586099414625215,
      "modis-par": 0.10555934110034665,
      "modis-sst": 0.03217333739845189,
      "sst-anom": -0.1442880667314064
    },
    "modis-chla": {
      "oni": 0.03659023224759637,
      "pdo": 0.15252469030627214,
      "discharge": -0.19056874847150898,
      "da": -0.015860522888057442,
      "pn": 0.12935307566662776,
      "beuti": 0.14481799265183082,
      "chla-anom": 0.13995803489252,
      "modis-chla": 1.0,
      "modis-flr": 0.0828940772977872,
      "modis-k490": 0.7121788776265361,
      "modis-par": 0.41177140218491615,
      "modis-sst": 0.3889367777302211,
      "sst-anom": 0.03151500813121758
    },
    "modis-flr": {
      "oni": 0.07134751418232793,
      "pdo": -0.07933151378099061,
      "discharge": -0.15673167527461965,
      "da": 0.23783847092968421,
      "pn": -0.03210866789985838,
      "beuti": 0.12525986507967202,
      "chla-anom": -0.03186501138164344,
      "modis-chla": 0.0828940772977872,
      "modis-flr": 1.0,
      "modis-k490": 0.16888885541841575,
      "modis-par": 0.20095800077590525,
      "modis-sst": 0.18098385019408783,
      "sst-anom": 0.1121570516494892
    },
    "modis-k490": {
      "oni": 0.014999987793453209,
      "pdo": 0.09871011998212172,
      "discharge": -0.1737899540499311,
      "da": 0.003335309772191757,
      "pn": 0.11453874075762972,
      "beuti": 0.13609117628624773,
      "chla-anom": 0.12586099414625215,
      "modis-chla": 0.7121788776265361,
      "modis-flr": 0.16888885541841575,
      "modis-k490": 1.0,
      "modis-par": 0.5051060533689926,
      "modis-sst": 0.40104852004000613,
      "sst-anom": 0.04446530961042096
    },
    "modis-par": {
      "oni": 0.04975794970835635,
      "pdo": 0.21570051472943302,
      "discharge": -0.05500435407990356,
      "da": 0.019258345767872685,
      "pn": 0.17167162591022217,
      "beuti": 0.24750165595308415,
      "chla-anom": 0.10555934110034665,
      "modis-chla": 0.41177140218491615,
      "modis-flr": 0.20095800077590525,
      "modis-k490": 0.5051060533689926,
      "modis-par": 1.0,
      "modis-sst": 0.6365682880981917,
      "sst-anom": 0.02922159209760009
    },
    "modis-sst": {
      "oni": 0.15875030673302803,
      "pdo": 0.21387107522061072,
      "discharge": -0.2904871321469208,
      "da": -0.024818302319600298,
      "pn": 0.16626219250209243,
      "beuti": 0.2650296667624506,
      "chla-anom": 0.03217333739845189,
      "modis-chla": 0.3889367777302211,
      "modis-flr": 0.18098385019408783,
      "modis-k490": 0.40104852004000613,
      "modis-par": 0.6365682880981917,
      "modis-sst": 1.0,
      "sst-anom": 0.015248378755953633
    },
    "sst-anom": {
      "oni": 0.28312760926702923,
      "pdo": 0.4008775510424425,
      "discharge": -0.055558923654881374,
      "da": 0.10674852844660815,
      "pn": -0.0028223277906797985,
      "beuti": 0.03146844310133563,
      "chla-anom": -0.1442880667314064,
      "modis-chla": 0.03151500813121758,
      "modis-flr": 0.1121570516494892,
      "modis-k490": 0.04446530961042096,
      "modis-par": 0.02922159209760009,
      "modis-sst": 0.015248378755953633,
      "sst-anom": 1.0
    }
  },
  "columns": [
    "oni",
    "pdo",
    "discharge",
    "da",
    "pn",
    "beuti",
    "chla-anom",
    "modis-chla",
    "modis-flr",
    "modis-k490",
    "modis-par",
    "modis-sst",
    "sst-anom"
  ],
  "site": "Long Beach"
}