{
  "matrix": {
    "oni": {
      "oni": 1.0,
      "pdo": 0.5294315852238152,
      "discharge": -0.13863487773220756,
      "da": 0.10144495011086346,
      "pn": 0.06416842784399525,
      "beuti": 0.01647783483957677,
      "chla-anom": 0.09945198535421179,
      "modis-chla": 0.03659023224759637,
      "modis-flr": 0.07134751418232793,
      "modis-k490": 0.014999987793453209,
      "modis-par": 0.04975794970835635,
      "modis-sst": 0.15875030673302803,
      "sst-anom": 0.28312760926702923
    },
    "pdo": {
      "oni": 0.5294315852238152,
      "pdo": 1.0,
      "discharge": 0.027151333890868993,
      "da": 0.21328652151883992,
      "pn": 0.15441660152627637,
      "beuti": 0.09917603428278264,
      "chla-anom": 0.14098912203988098,
      "modis-chla": 0.15252469030627214,
      "modis-flr": -0.07933151378099061,
      "modis-k490": 0.09871011998212172,
      "modis-par": 0.21570051472943302,
      "modis-sst": 0.21387107522061072,
      "sst-anom": 0.4008775510424425
    },
    "discharge": {
      "oni": -0.13863487773220756,
      "pdo": 0.027151333890868993,
      "discharge": 1.0,
      "da": -0.046294656009122116,
      "pn": -0.10579900658026638,
      "beuti": -0.04699956901985154,
      "chla-anom": -0.07333179799279921,
      "modis-chla": -0.19056874847150898,
      "modis-flr": -0.15673167527461965,
      "modis-k490": -0.1737899540499311,
      "modis-par": -0.05500435407990356,
      "modis-sst": -0.2904871321469208,
      "sst-anom": -0.055558923654881374
    },
    "da": {
      "oni": 0.10144495011086346,
      "pdo": 0.21328652151883992,
      "discharge": -0.046294656009122116,
      "da": 1.0,
      "pn": 0.14737635005981725,
      "beuti": 0.055100326290035175,
      "chla-anom": 0.11417428247955536,
      "modis-chla": -0.004155367215951237,
      "modis-flr": 0.2533105015686325,
      "modis-k490": 0.01504091044334987,
      "modis-par": 0.03854068937677305,
      "modis-sst": -0.011221977865541561,
      "sst-anom": 0.10142930780467241
    },
    "pn": {
      "oni": 0.06416842784399525,
      "pdo": 0.15441660152627637,
      "discharge": -0.10579900658026638,
      "da": 0.14737635005981725,
      "pn": 1.0,
      "beuti": 0.06323748394506262,
      "chla-anom": 0.1173371125515504,
      "modis-chla": 0.12831228872322953,
      "modis-flr": -0.03219781469013221,
      "modis-k490": 0.1065060732715793,
      "modis-par": 0.1687865736020466,
      "modis-sst": 0.1641769239330856,
      "sst-anom": 0.0025669052436825823
    },
    "beuti": {
      "oni": 0.01647783483957677,
      "pdo": 0.09917603428278264,
      "discharge": -0.04699956901985154,
      "da": 0.055100326290035175,
      "pn": 0.06323748394506262,
      "beuti": 1.0,
      "chla-anom": -0.06832107180502625,
      "modis-chla": 0.14481799265183082,
      "modis-flr": 0.12525986507967202,
      "modis-k490": 0.13609117628624773,
      "modis-par": 0.24750165595308415,
      "modis-sst": 0.2650296667624506,
      "sst-anom": 0.03146844310133563
    },
    "chla-anom": {
      "oni": 0.09945198535421179,
      "pdo": 0.14098912203988098,
      "discharge": -0.07333179799279921,
      "da": 0.11417428247955536,
      "pn": 0.1173371125515504,
      "beuti": -0.06832107180502625,
      "chla-anom": 1.0,
      "modis-chla": 0.13995803489252,
      "modis-flr": -0.03186501138164344,
      "modis-k490": 0.12586099414625215,
      "modis-par": 0.10555934110034665,
      "modis-sst": 0.03217333739845189,
      "sst-anom": -0.1442880667314064
    },
    "modis-chla": {
      "oni": 0.03659023224759637,
      "pdo": 0.15252469030627214,
      "discharge": -0.19056874847150898,
      "da": -0.004155367215951237,
      "pn": 0.12831228872322953,
      "beuti": 0.14481799265183082,
      "chla-anom": 0.13995803489252,
      "modis-chla": 1.0,
      "modis-flr": 0.0828940772977872,
      "modis-k490": 0.7121788776265361,
      "modis-par": 0.41177140218491615,
      "modis-sst": 0.3889367777302211,
      "sst-anom": 0.03151500813121758
    },
    "modis-flr": {
      "oni": 0.07134751418232793,
      "pdo": -0.07933151378099061,
      "discharge": -0.15673167527461965,
      "da": 0.2533105015686325,
      "pn": -0.03219781469013221,
      "beuti": 0.12525986507967202,
      "chla-anom": -0.03186501138164344,
      "modis-chla": 0.0828940772977872,
      "modis-flr": 1.0,
      "modis-k490": 0.16888885541841575,
      "modis-par": 0.20095800077590525,
      "modis-sst": 0.18098385019408783,
      "sst-anom": 0.1121570516494892
    },
    "modis-k490": {
      "oni": 0.014999987793453209,
      "pdo": 0.09871011998212172,
      "discharge": -0.1737899540499311,
      "da": 0.01504091044334987,
      "pn": 0.1065060732715793,
      "beuti": 0.13609117628624773,
      "chla-anom": 0.12586099414625215,
      "modis-chla": 0.7121788776265361,
      "modis-flr": 0.16888885541841575,
      "modis-k490": 1.0,
      "modis-par": 0.5051060533689926,
      "modis-sst": 0.40104852004000613,
      "sst-anom": 0.04446530961042096
    },
    "modis-par": {
      "oni": 0.04975794970835635,
      "pdo": 0.21570051472943302,
      "discharge": -0.05500435407990356,
      "da": 0.03854068937677305,
      "pn": 0.1687865736020466,
      "beuti": 0.24750165595308415,
      "chla-anom": 0.10555934110034665,
      "modis-chla": 0.41177140218491615,
      "modis-flr": 0.20095800077590525,
      "modis-k490": 0.5051060533689926,
      "modis-par": 1.0,
      "modis-sst": 0.6365682880981917,
      "sst-anom": 0.02922159209760009
    },
    "modis-sst": {
      "oni": 0.15875030673302803,
      "pdo": 0.21387107522061072,
      "discharge": -0.2904871321469208,
      "da": -0.011221977865541561,
      "pn": 0.1641769239330856,
      "beuti": 0.2650296667624506,
      "chla-anom": 0.03217333739845189,
      "modis-chla": 0.3889367777302211,
      "modis-flr": 0.18098385019408783,
      "modis-k490": 0.40104852004000613,
      "modis-par": 0.6365682880981917,
      "modis-sst": 1.0,
      "sst-anom": 0.015248378755953633
    },
    "sst-anom": {
      "oni": 0.28312760926702923,
      "pdo": 0.4008775510424425,
      "discharge": -0.055558923654881374,
      "da": 0.10142930780467241,
      "pn": 0.0025669052436825823,
      "beuti": 0.03146844310133563,
      "chla-anom": -0.1442880667314064,
      "modis-chla": 0.03151500813121758,
      "modis-flr": 0.1121570516494892,
      "modis-k490": 0.04446530961042096,
      "modis-par": 0.02922159209760009,
      "modis-sst": 0.015248378755953633,
      "sst-anom": 1.0
    }
  },
  "columns": [
    "oni",
    "pdo",
    "discharge",
    "da",
    "pn",
    "beuti",
    "chla-anom",
    "modis-chla",
    "modis-flr",
    "modis-k490",
    "modis-par",
    "modis-sst",
    "sst-anom"
  ],
  "site": "Long Beach",
  "generated_at": "2025-09-01T04:21:14.206598"
}