{
  "matrix": {
    "oni": {
      "oni": 1.0,
      "pdo": 0.5294315852238152,
      "discharge": -0.13863487773220756,
      "da": -0.01931072740799122,
      "pn": -0.04782517018066266,
      "beuti": 0.026421088769941363,
      "chla-anom": -0.031064133934669808,
      "modis-chla": -0.03374385254715704,
      "modis-flr": 0.031557093016225744,
      "modis-k490": 0.01999366239790864,
      "modis-par": 0.04328504790102774,
      "modis-sst": 0.22827758946942492,
      "sst-anom": 0.28490134573717324
    },
    "pdo": {
      "oni": 0.5294315852238152,
      "pdo": 1.0,
      "discharge": 0.027151333890868993,
      "da": 0.10277012466855674,
      "pn": -0.0812035434815467,
      "beuti": 0.10070425324406604,
      "chla-anom": -0.027622936705851628,
      "modis-chla": 0.08534646543893618,
      "modis-flr": -0.10664769747157288,
      "modis-k490": 0.07640831381805845,
      "modis-par": 0.21270143327432317,
      "modis-sst": 0.26025216551062735,
      "sst-anom": 0.4415032750918495
    },
    "discharge": {
      "oni": -0.13863487773220756,
      "pdo": 0.027151333890868993,
      "discharge": 1.0,
      "da": -0.06494401290434304,
      "pn": -0.09220057580492423,
      "beuti": -0.042222106214694806,
      "chla-anom": -0.04336638268218597,
      "modis-chla": -0.19622493956179202,
      "modis-flr": -0.17907525823990364,
      "modis-k490": -0.2254366959372712,
      "modis-par": -0.06480801241391779,
      "modis-sst": -0.27262923117286275,
      "sst-anom": 0.07487144631380643
    },
    "da": {
      "oni": -0.01931072740799122,
      "pdo": 0.10277012466855674,
      "discharge": -0.06494401290434304,
      "da": 1.0,
      "pn": 0.020506371721186103,
      "beuti": 0.043080683460876755,
      "chla-anom": -0.12724393709427712,
      "modis-chla": 0.018752759989725826,
      "modis-flr": 0.05437448084574896,
      "modis-k490": 0.05628236848328761,
      "modis-par": 0.13663756959333329,
      "modis-sst": 0.12378215470296089,
      "sst-anom": 0.0677855695805622
    },
    "pn": {
      "oni": -0.04782517018066266,
      "pdo": -0.0812035434815467,
      "discharge": -0.09220057580492423,
      "da": 0.020506371721186103,
      "pn": 1.0,
      "beuti": 0.05050843109649402,
      "chla-anom": -0.030256708720877323,
      "modis-chla": 0.060803334995940705,
      "modis-flr": 0.28025211515665516,
      "modis-k490": 0.10708821725914229,
      "modis-par": 0.15369195202767358,
      "modis-sst": 0.14630166353041807,
      "sst-anom": -0.04023592875274394
    },
    "beuti": {
      "oni": 0.026421088769941363,
      "pdo": 0.10070425324406604,
      "discharge": -0.042222106214694806,
      "da": 0.043080683460876755,
      "pn": 0.05050843109649402,
      "beuti": 1.0,
      "chla-anom": -0.002495379501344421,
      "modis-chla": 0.17501639131496438,
      "modis-flr": 0.09558426294744717,
      "modis-k490": 0.17434513772755997,
      "modis-par": 0.2830551029781824,
      "modis-sst": 0.20945446892458583,
      "sst-anom": -0.029550858981816606
    },
    "chla-anom": {
      "oni": -0.031064133934669808,
      "pdo": -0.027622936705851628,
      "discharge": -0.04336638268218597,
      "da": -0.12724393709427712,
      "pn": -0.030256708720877323,
      "beuti": -0.002495379501344421,
      "chla-anom": 1.0,
      "modis-chla": 0.023244966531283894,
      "modis-flr": -0.01666179059834343,
      "modis-k490": 0.041832030673605226,
      "modis-par": 0.04052344029848699,
      "modis-sst": -0.021329012443528465,
      "sst-anom": -0.3133705574701627
    },
    "modis-chla": {
      "oni": -0.03374385254715704,
      "pdo": 0.08534646543893618,
      "discharge": -0.19622493956179202,
      "da": 0.018752759989725826,
      "pn": 0.060803334995940705,
      "beuti": 0.17501639131496438,
      "chla-anom": 0.023244966531283894,
      "modis-chla": 1.0,
      "modis-flr": 0.17581477693623937,
      "modis-k490": 0.7604563093915802,
      "modis-par": 0.44206032017987945,
      "modis-sst": 0.2653145793365804,
      "sst-anom": -0.09810478881231345
    },
    "modis-flr": {
      "oni": 0.031557093016225744,
      "pdo": -0.10664769747157288,
      "discharge": -0.17907525823990364,
      "da": 0.05437448084574896,
      "pn": 0.28025211515665516,
      "beuti": 0.09558426294744717,
      "chla-anom": -0.01666179059834343,
      "modis-chla": 0.17581477693623937,
      "modis-flr": 1.0,
      "modis-k490": 0.29740096816586575,
      "modis-par": 0.2087443953521227,
      "modis-sst": 0.10617237712840663,
      "sst-anom": -0.01889820070779353
    },
    "modis-k490": {
      "oni": 0.01999366239790864,
      "pdo": 0.07640831381805845,
      "discharge": -0.2254366959372712,
      "da": 0.05628236848328761,
      "pn": 0.10708821725914229,
      "beuti": 0.17434513772755997,
      "chla-anom": 0.041832030673605226,
      "modis-chla": 0.7604563093915802,
      "modis-flr": 0.29740096816586575,
      "modis-k490": 1.0,
      "modis-par": 0.5676281291508146,
      "modis-sst": 0.27492419664080214,
      "sst-anom": -0.05426091792147181
    },
    "modis-par": {
      "oni": 0.04328504790102774,
      "pdo": 0.21270143327432317,
      "discharge": -0.06480801241391779,
      "da": 0.13663756959333329,
      "pn": 0.15369195202767358,
      "beuti": 0.2830551029781824,
      "chla-anom": 0.04052344029848699,
      "modis-chla": 0.44206032017987945,
      "modis-flr": 0.2087443953521227,
      "modis-k490": 0.5676281291508146,
      "modis-par": 1.0,
      "modis-sst": 0.4546256732550596,
      "sst-anom": -0.06676849872645317
    },
    "modis-sst": {
      "oni": 0.22827758946942492,
      "pdo": 0.26025216551062735,
      "discharge": -0.27262923117286275,
      "da": 0.12378215470296089,
      "pn": 0.14630166353041807,
      "beuti": 0.20945446892458583,
      "chla-anom": -0.021329012443528465,
      "modis-chla": 0.2653145793365804,
      "modis-flr": 0.10617237712840663,
      "modis-k490": 0.27492419664080214,
      "modis-par": 0.4546256732550596,
      "modis-sst": 1.0,
      "sst-anom": 0.01697264495670454
    },
    "sst-anom": {
      "oni": 0.28490134573717324,
      "pdo": 0.4415032750918495,
      "discharge": 0.07487144631380643,
      "da": 0.0677855695805622,
      "pn": -0.04023592875274394,
      "beuti": -0.029550858981816606,
      "chla-anom": -0.3133705574701627,
      "modis-chla": -0.09810478881231345,
      "modis-flr": -0.01889820070779353,
      "modis-k490": -0.05426091792147181,
      "modis-par": -0.06676849872645317,
      "modis-sst": 0.01697264495670454,
      "sst-anom": 1.0
    }
  },
  "columns": [
    "oni",
    "pdo",
    "discharge",
    "da",
    "pn",
    "beuti",
    "chla-anom",
    "modis-chla",
    "modis-flr",
    "modis-k490",
    "modis-par",
    "modis-sst",
    "sst-anom"
  ],
  "site": "Newport"
}