{
  "matrix": {
    "oni": {
      "oni": 1.0,
      "pdo": 0.5294315852238152,
      "discharge": -0.13863487773220756,
      "da": 0.01303399807832837,
      "pn": -0.04999118141432708,
      "beuti": 0.026421088769941363,
      "chla-anom": -0.031064133934669808,
      "modis-chla": -0.03374385254715704,
      "modis-flr": 0.031557093016225744,
      "modis-k490": 0.01999366239790864,
      "modis-par": 0.04328504790102774,
      "modis-sst": 0.22827758946942492,
      "sst-anom": 0.28490134573717324
    },
    "pdo": {
      "oni": 0.5294315852238152,
      "pdo": 1.0,
      "discharge": 0.027151333890868993,
      "da": 0.16074806009773326,
      "pn": -0.09410244385674948,
      "beuti": 0.10070425324406604,
      "chla-anom": -0.027622936705851628,
      "modis-chla": 0.08534646543893618,
      "modis-flr": -0.10664769747157288,
      "modis-k490": 0.07640831381805845,
      "modis-par": 0.21270143327432317,
      "modis-sst": 0.26025216551062735,
      "sst-anom": 0.4415032750918495
    },
    "discharge": {
      "oni": -0.13863487773220756,
      "pdo": 0.027151333890868993,
      "discharge": 1.0,
      "da": -0.06203577387125046,
      "pn": -0.09975358446118712,
      "beuti": -0.042222106214694806,
      "chla-anom": -0.04336638268218597,
      "modis-chla": -0.19622493956179202,
      "modis-flr": -0.17907525823990364,
      "modis-k490": -0.2254366959372712,
      "modis-par": -0.06480801241391779,
      "modis-sst": -0.27262923117286275,
      "sst-anom": 0.07487144631380643
    },
    "da": {
      "oni": 0.01303399807832837,
      "pdo": 0.16074806009773326,
      "discharge": -0.06203577387125046,
      "da": 1.0,
      "pn": -0.020931864123531055,
      "beuti": 0.037385497042197874,
      "chla-anom": -0.11188620907397007,
      "modis-chla": 0.032055409503576965,
      "modis-flr": -0.03897051875543842,
      "modis-k490": 0.05606586010633273,
      "modis-par": 0.15430396559557832,
      "modis-sst": 0.16012457886409173,
      "sst-anom": 0.0908944971448681
    },
    "pn": {
      "oni": -0.04999118141432708,
      "pdo": -0.09410244385674948,
      "discharge": -0.09975358446118712,
      "da": -0.020931864123531055,
      "pn": 1.0,
      "beuti": 0.07065441565751067,
      "chla-anom": -0.04418421287048652,
      "modis-chla": 0.07744610899858542,
      "modis-flr": 0.3497898529575645,
      "modis-k490": 0.1501482619219397,
      "modis-par": 0.20129572247544078,
      "modis-sst": 0.15317955921441778,
      "sst-anom": -0.061106193082316795
    },
    "beuti": {
      "oni": 0.026421088769941363,
      "pdo": 0.10070425324406604,
      "discharge": -0.042222106214694806,
      "da": 0.037385497042197874,
      "pn": 0.07065441565751067,
      "beuti": 1.0,
      "chla-anom": -0.002495379501344421,
      "modis-chla": 0.17501639131496438,
      "modis-flr": 0.09558426294744717,
      "modis-k490": 0.17434513772755997,
      "modis-par": 0.2830551029781824,
      "modis-sst": 0.20945446892458583,
      "sst-anom": -0.029550858981816606
    },
    "chla-anom": {
      "oni": -0.031064133934669808,
      "pdo": -0.027622936705851628,
      "discharge": -0.04336638268218597,
      "da": -0.11188620907397007,
      "pn": -0.04418421287048652,
      "beuti": -0.002495379501344421,
      "chla-anom": 1.0,
      "modis-chla": 0.023244966531283894,
      "modis-flr": -0.01666179059834343,
      "modis-k490": 0.041832030673605226,
      "modis-par": 0.04052344029848699,
      "modis-sst": -0.021329012443528465,
      "sst-anom": -0.3133705574701627
    },
    "modis-chla": {
      "oni": -0.03374385254715704,
      "pdo": 0.08534646543893618,
      "discharge": -0.19622493956179202,
      "da": 0.032055409503576965,
      "pn": 0.07744610899858542,
      "beuti": 0.17501639131496438,
      "chla-anom": 0.023244966531283894,
      "modis-chla": 1.0,
      "modis-flr": 0.17581477693623937,
      "modis-k490": 0.7604563093915802,
      "modis-par": 0.44206032017987945,
      "modis-sst": 0.2653145793365804,
      "sst-anom": -0.09810478881231345
    },
    "modis-flr": {
      "oni": 0.031557093016225744,
      "pdo": -0.10664769747157288,
      "discharge": -0.17907525823990364,
      "da": -0.03897051875543842,
      "pn": 0.3497898529575645,
      "beuti": 0.09558426294744717,
      "chla-anom": -0.01666179059834343,
      "modis-chla": 0.17581477693623937,
      "modis-flr": 1.0,
      "modis-k490": 0.29740096816586575,
      "modis-par": 0.2087443953521227,
      "modis-sst": 0.10617237712840663,
      "sst-anom": -0.01889820070779353
    },
    "modis-k490": {
      "oni": 0.01999366239790864,
      "pdo": 0.07640831381805845,
      "discharge": -0.2254366959372712,
      "da": 0.05606586010633273,
      "pn": 0.1501482619219397,
      "beuti": 0.17434513772755997,
      "chla-anom": 0.041832030673605226,
      "modis-chla": 0.7604563093915802,
      "modis-flr": 0.29740096816586575,
      "modis-k490": 1.0,
      "modis-par": 0.5676281291508146,
      "modis-sst": 0.27492419664080214,
      "sst-anom": -0.05426091792147181
    },
    "modis-par": {
      "oni": 0.04328504790102774,
      "pdo": 0.21270143327432317,
      "discharge": -0.06480801241391779,
      "da": 0.15430396559557832,
      "pn": 0.20129572247544078,
      "beuti": 0.2830551029781824,
      "chla-anom": 0.04052344029848699,
      "modis-chla": 0.44206032017987945,
      "modis-flr": 0.2087443953521227,
      "modis-k490": 0.5676281291508146,
      "modis-par": 1.0,
      "modis-sst": 0.4546256732550596,
      "sst-anom": -0.06676849872645317
    },
    "modis-sst": {
      "oni": 0.22827758946942492,
      "pdo": 0.26025216551062735,
      "discharge": -0.27262923117286275,
      "da": 0.16012457886409173,
      "pn": 0.15317955921441778,
      "beuti": 0.20945446892458583,
      "chla-anom": -0.021329012443528465,
      "modis-chla": 0.2653145793365804,
      "modis-flr": 0.10617237712840663,
      "modis-k490": 0.27492419664080214,
      "modis-par": 0.4546256732550596,
      "modis-sst": 1.0,
      "sst-anom": 0.01697264495670454
    },
    "sst-anom": {
      "oni": 0.28490134573717324,
      "pdo": 0.4415032750918495,
      "discharge": 0.07487144631380643,
      "da": 0.0908944971448681,
      "pn": -0.061106193082316795,
      "beuti": -0.029550858981816606,
      "chla-anom": -0.3133705574701627,
      "modis-chla": -0.09810478881231345,
      "modis-flr": -0.01889820070779353,
      "modis-k490": -0.05426091792147181,
      "modis-par": -0.06676849872645317,
      "modis-sst": 0.01697264495670454,
      "sst-anom": 1.0
    }
  },
  "columns": [
    "oni",
    "pdo",
    "discharge",
    "da",
    "pn",
    "beuti",
    "chla-anom",
    "modis-chla",
    "modis-flr",
    "modis-k490",
    "modis-par",
    "modis-sst",
    "sst-anom"
  ],
  "site": "Newport",
  "generated_at": "2025-09-01T20:24:23.585996"
}