{
  "matrix": {
    "oni": {
      "oni": 1.0,
      "pdo": 0.5294315852238152,
      "discharge": -0.13863487773220756,
      "da": 0.17112541163897185,
      "pn": 0.004127102210412277,
      "beuti": 0.014294642528225474,
      "chla-anom": 0.062093551917853644,
      "modis-chla": -0.007169022139691949,
      "modis-flr": 0.0894481587856864,
      "modis-k490": 0.06058259337322609,
      "modis-par": 0.05388304789842894,
      "modis-sst": 0.1555030560850899,
      "sst-anom": 0.2711924221132424
    },
    "pdo": {
      "oni": 0.5294315852238152,
      "pdo": 1.0,
      "discharge": 0.027151333890868993,
      "da": 0.1994700295385398,
      "pn": 0.075179686584335,
      "beuti": 0.0983113302881877,
      "chla-anom": 0.11522733970990513,
      "modis-chla": 0.0636686898403758,
      "modis-flr": -0.08959862377526627,
      "modis-k490": 0.08219294954431652,
      "modis-par": 0.21908862936548018,
      "modis-sst": 0.20986031875276098,
      "sst-anom": 0.4034933737749669
    },
    "discharge": {
      "oni": -0.13863487773220756,
      "pdo": 0.027151333890868993,
      "discharge": 1.0,
      "da": -0.10652851965141052,
      "pn": -0.06370204786013413,
      "beuti": -0.04128374010591272,
      "chla-anom": -0.01674794852080923,
      "modis-chla": -0.18704645104633943,
      "modis-flr": -0.06897183929470688,
      "modis-k490": -0.21662483292453294,
      "modis-par": -0.05114038816100331,
      "modis-sst": -0.2998547403354722,
      "sst-anom": -0.02987961765312758
    },
    "da": {
      "oni": 0.17112541163897185,
      "pdo": 0.1994700295385398,
      "discharge": -0.10652851965141052,
      "da": 1.0,
      "pn": 0.11269453328559047,
      "beuti": 0.08837823219839835,
      "chla-anom": 0.05866863097803839,
      "modis-chla": -0.006789967230836966,
      "modis-flr": 0.19203414490786763,
      "modis-k490": 0.06433756469894265,
      "modis-par": 0.17822169416054492,
      "modis-sst": 0.09365365712731037,
      "sst-anom": 0.1140906947442928
    },
    "pn": {
      "oni": 0.004127102210412277,
      "pdo": 0.075179686584335,
      "discharge": -0.06370204786013413,
      "da": 0.11269453328559047,
      "pn": 1.0,
      "beuti": 0.03850101413359918,
      "chla-anom": 0.06538669726199071,
      "modis-chla": 0.07388357313690022,
      "modis-flr": -0.11550740620253841,
      "modis-k490": 0.09261792733770222,
      "modis-par": 0.1576398814410685,
      "modis-sst": 0.0935667588124028,
      "sst-anom": 0.03977064547335252
    },
    "beuti": {
      "oni": 0.014294642528225474,
      "pdo": 0.0983113302881877,
      "discharge": -0.04128374010591272,
      "da": 0.08837823219839835,
      "pn": 0.03850101413359918,
      "beuti": 1.0,
      "chla-anom": -0.0632779109068185,
      "modis-chla": 0.10587046978028974,
      "modis-flr": 0.09938611977273419,
      "modis-k490": 0.1016789106482366,
      "modis-par": 0.24296692500016154,
      "modis-sst": 0.2697872166582639,
      "sst-anom": 0.007029544016351761
    },
    "chla-anom": {
      "oni": 0.062093551917853644,
      "pdo": 0.11522733970990513,
      "discharge": -0.01674794852080923,
      "da": 0.05866863097803839,
      "pn": 0.06538669726199071,
      "beuti": -0.0632779109068185,
      "chla-anom": 1.0,
      "modis-chla": 0.009289769451417716,
      "modis-flr": -0.15307328027288608,
      "modis-k490": -0.03975584857398051,
      "modis-par": 0.04888403906735179,
      "modis-sst": -0.032277235630709646,
      "sst-anom": -0.21383825843908275
    },
    "modis-chla": {
      "oni": -0.007169022139691949,
      "pdo": 0.0636686898403758,
      "discharge": -0.18704645104633943,
      "da": -0.006789967230836966,
      "pn": 0.07388357313690022,
      "beuti": 0.10587046978028974,
      "chla-anom": 0.009289769451417716,
      "modis-chla": 1.0,
      "modis-flr": -0.07138407968132499,
      "modis-k490": 0.6216986613919072,
      "modis-par": 0.2534222566005889,
      "modis-sst": 0.2841399859909493,
      "sst-anom": -0.035522072565012684
    },
    "modis-flr": {
      "oni": 0.0894481587856864,
      "pdo": -0.08959862377526627,
      "discharge": -0.06897183929470688,
      "da": 0.19203414490786763,
      "pn": -0.11550740620253841,
      "beuti": 0.09938611977273419,
      "chla-anom": -0.15307328027288608,
      "modis-chla": -0.07138407968132499,
      "modis-flr": 1.0,
      "modis-k490": 0.06856256015119709,
      "modis-par": 0.018271024441183004,
      "modis-sst": 0.03864724340488088,
      "sst-anom": 0.1330672893643908
    },
    "modis-k490": {
      "oni": 0.06058259337322609,
      "pdo": 0.08219294954431652,
      "discharge": -0.21662483292453294,
      "da": 0.06433756469894265,
      "pn": 0.09261792733770222,
      "beuti": 0.1016789106482366,
      "chla-anom": -0.03975584857398051,
      "modis-chla": 0.6216986613919072,
      "modis-flr": 0.06856256015119709,
      "modis-k490": 1.0,
      "modis-par": 0.3738987020093644,
      "modis-sst": 0.2989578686851381,
      "sst-anom": 0.06198425137120237
    },
    "modis-par": {
      "oni": 0.05388304789842894,
      "pdo": 0.21908862936548018,
      "discharge": -0.05114038816100331,
      "da": 0.17822169416054492,
      "pn": 0.1576398814410685,
      "beuti": 0.24296692500016154,
      "chla-anom": 0.04888403906735179,
      "modis-chla": 0.2534222566005889,
      "modis-flr": 0.018271024441183004,
      "modis-k490": 0.3738987020093644,
      "modis-par": 1.0,
      "modis-sst": 0.5987997294588954,
      "sst-anom": 0.01838252488062305
    },
    "modis-sst": {
      "oni": 0.1555030560850899,
      "pdo": 0.20986031875276098,
      "discharge": -0.2998547403354722,
      "da": 0.09365365712731037,
      "pn": 0.0935667588124028,
      "beuti": 0.2697872166582639,
      "chla-anom": -0.032277235630709646,
      "modis-chla": 0.2841399859909493,
      "modis-flr": 0.03864724340488088,
      "modis-k490": 0.2989578686851381,
      "modis-par": 0.5987997294588954,
      "modis-sst": 1.0,
      "sst-anom": -0.002653876065795595
    },
    "sst-anom": {
      "oni": 0.2711924221132424,
      "pdo": 0.4034933737749669,
      "discharge": -0.02987961765312758,
      "da": 0.1140906947442928,
      "pn": 0.03977064547335252,
      "beuti": 0.007029544016351761,
      "chla-anom": -0.21383825843908275,
      "modis-chla": -0.035522072565012684,
      "modis-flr": 0.1330672893643908,
      "modis-k490": 0.06198425137120237,
      "modis-par": 0.01838252488062305,
      "modis-sst": -0.002653876065795595,
      "sst-anom": 1.0
    }
  },
  "columns": [
    "oni",
    "pdo",
    "discharge",
    "da",
    "pn",
    "beuti",
    "chla-anom",
    "modis-chla",
    "modis-flr",
    "modis-k490",
    "modis-par",
    "modis-sst",
    "sst-anom"
  ],
  "site": "Quinault"
}