{
  "matrix": {
    "oni": {
      "oni": 1.0,
      "pdo": 0.5294315852238152,
      "discharge": -0.13863487773220756,
      "da": 0.15120043009065273,
      "pn": -8.017829276657181e-05,
      "beuti": 0.014294642528225474,
      "chla-anom": 0.062093551917853644,
      "modis-chla": -0.007169022139691949,
      "modis-flr": 0.0894481587856864,
      "modis-k490": 0.06058259337322609,
      "modis-par": 0.05388304789842894,
      "modis-sst": 0.1555030560850899,
      "sst-anom": 0.2711924221132424
    },
    "pdo": {
      "oni": 0.5294315852238152,
      "pdo": 1.0,
      "discharge": 0.027151333890868993,
      "da": 0.20941741599933839,
      "pn": 0.06811313931716627,
      "beuti": 0.0983113302881877,
      "chla-anom": 0.11522733970990513,
      "modis-chla": 0.0636686898403758,
      "modis-flr": -0.08959862377526627,
      "modis-k490": 0.08219294954431652,
      "modis-par": 0.21908862936548018,
      "modis-sst": 0.20986031875276098,
      "sst-anom": 0.4034933737749669
    },
    "discharge": {
      "oni": -0.13863487773220756,
      "pdo": 0.027151333890868993,
      "discharge": 1.0,
      "da": -0.09980034711016615,
      "pn": -0.06299908001951947,
      "beuti": -0.04128374010591272,
      "chla-anom": -0.01674794852080923,
      "modis-chla": -0.18704645104633943,
      "modis-flr": -0.06897183929470688,
      "modis-k490": -0.21662483292453294,
      "modis-par": -0.05114038816100331,
      "modis-sst": -0.2998547403354722,
      "sst-anom": -0.02987961765312758
    },
    "da": {
      "oni": 0.15120043009065273,
      "pdo": 0.20941741599933839,
      "discharge": -0.09980034711016615,
      "da": 1.0,
      "pn": 0.10440409143635034,
      "beuti": 0.08616472691530244,
      "chla-anom": 0.050073256462413764,
      "modis-chla": -0.002147985592471286,
      "modis-flr": 0.18794750155299325,
      "modis-k490": 0.06802765516562428,
      "modis-par": 0.1783771927143688,
      "modis-sst": 0.08811232640237099,
      "sst-anom": 0.1279799897367233
    },
    "pn": {
      "oni": -8.017829276657181e-05,
      "pdo": 0.06811313931716627,
      "discharge": -0.06299908001951947,
      "da": 0.10440409143635034,
      "pn": 1.0,
      "beuti": 0.034808815932185856,
      "chla-anom": 0.06443547402953698,
      "modis-chla": 0.0677751229228781,
      "modis-flr": -0.11800100863336369,
      "modis-k490": 0.08342623882335118,
      "modis-par": 0.14830494348899678,
      "modis-sst": 0.08463293513420642,
      "sst-anom": 0.03323367772877779
    },
    "beuti": {
      "oni": 0.014294642528225474,
      "pdo": 0.0983113302881877,
      "discharge": -0.04128374010591272,
      "da": 0.08616472691530244,
      "pn": 0.034808815932185856,
      "beuti": 1.0,
      "chla-anom": -0.0632779109068185,
      "modis-chla": 0.10587046978028974,
      "modis-flr": 0.09938611977273419,
      "modis-k490": 0.1016789106482366,
      "modis-par": 0.24296692500016154,
      "modis-sst": 0.2697872166582639,
      "sst-anom": 0.007029544016351761
    },
    "chla-anom": {
      "oni": 0.062093551917853644,
      "pdo": 0.11522733970990513,
      "discharge": -0.01674794852080923,
      "da": 0.050073256462413764,
      "pn": 0.06443547402953698,
      "beuti": -0.0632779109068185,
      "chla-anom": 1.0,
      "modis-chla": 0.009289769451417716,
      "modis-flr": -0.15307328027288608,
      "modis-k490": -0.03975584857398051,
      "modis-par": 0.04888403906735179,
      "modis-sst": -0.032277235630709646,
      "sst-anom": -0.21383825843908275
    },
    "modis-chla": {
      "oni": -0.007169022139691949,
      "pdo": 0.0636686898403758,
      "discharge": -0.18704645104633943,
      "da": -0.002147985592471286,
      "pn": 0.0677751229228781,
      "beuti": 0.10587046978028974,
      "chla-anom": 0.009289769451417716,
      "modis-chla": 1.0,
      "modis-flr": -0.07138407968132499,
      "modis-k490": 0.6216986613919072,
      "modis-par": 0.2534222566005889,
      "modis-sst": 0.2841399859909493,
      "sst-anom": -0.035522072565012684
    },
    "modis-flr": {
      "oni": 0.0894481587856864,
      "pdo": -0.08959862377526627,
      "discharge": -0.06897183929470688,
      "da": 0.18794750155299325,
      "pn": -0.11800100863336369,
      "beuti": 0.09938611977273419,
      "chla-anom": -0.15307328027288608,
      "modis-chla": -0.07138407968132499,
      "modis-flr": 1.0,
      "modis-k490": 0.06856256015119709,
      "modis-par": 0.018271024441183004,
      "modis-sst": 0.03864724340488088,
      "sst-anom": 0.1330672893643908
    },
    "modis-k490": {
      "oni": 0.06058259337322609,
      "pdo": 0.08219294954431652,
      "discharge": -0.21662483292453294,
      "da": 0.06802765516562428,
      "pn": 0.08342623882335118,
      "beuti": 0.1016789106482366,
      "chla-anom": -0.03975584857398051,
      "modis-chla": 0.6216986613919072,
      "modis-flr": 0.06856256015119709,
      "modis-k490": 1.0,
      "modis-par": 0.3738987020093644,
      "modis-sst": 0.2989578686851381,
      "sst-anom": 0.06198425137120237
    },
    "modis-par": {
      "oni": 0.05388304789842894,
      "pdo": 0.21908862936548018,
      "discharge": -0.05114038816100331,
      "da": 0.1783771927143688,
      "pn": 0.14830494348899678,
      "beuti": 0.24296692500016154,
      "chla-anom": 0.04888403906735179,
      "modis-chla": 0.2534222566005889,
      "modis-flr": 0.018271024441183004,
      "modis-k490": 0.3738987020093644,
      "modis-par": 1.0,
      "modis-sst": 0.5987997294588954,
      "sst-anom": 0.01838252488062305
    },
    "modis-sst": {
      "oni": 0.1555030560850899,
      "pdo": 0.20986031875276098,
      "discharge": -0.2998547403354722,
      "da": 0.08811232640237099,
      "pn": 0.08463293513420642,
      "beuti": 0.2697872166582639,
      "chla-anom": -0.032277235630709646,
      "modis-chla": 0.2841399859909493,
      "modis-flr": 0.03864724340488088,
      "modis-k490": 0.2989578686851381,
      "modis-par": 0.5987997294588954,
      "modis-sst": 1.0,
      "sst-anom": -0.002653876065795595
    },
    "sst-anom": {
      "oni": 0.2711924221132424,
      "pdo": 0.4034933737749669,
      "discharge": -0.02987961765312758,
      "da": 0.1279799897367233,
      "pn": 0.03323367772877779,
      "beuti": 0.007029544016351761,
      "chla-anom": -0.21383825843908275,
      "modis-chla": -0.035522072565012684,
      "modis-flr": 0.1330672893643908,
      "modis-k490": 0.06198425137120237,
      "modis-par": 0.01838252488062305,
      "modis-sst": -0.002653876065795595,
      "sst-anom": 1.0
    }
  },
  "columns": [
    "oni",
    "pdo",
    "discharge",
    "da",
    "pn",
    "beuti",
    "chla-anom",
    "modis-chla",
    "modis-flr",
    "modis-k490",
    "modis-par",
    "modis-sst",
    "sst-anom"
  ],
  "site": "Quinault",
  "generated_at": "2025-09-01T20:24:23.587165"
}