{
  "matrix": {
    "oni": {
      "oni": 1.0,
      "pdo": 0.5294315852238152,
      "discharge": -0.13863487773220756,
      "da": 0.2729234945577588,
      "pn": 0.05660941666225399,
      "beuti": 0.014471629738284818,
      "chla-anom": 0.07720792287018295,
      "modis-chla": 0.029075739253893045,
      "modis-flr": 0.08472074972368339,
      "modis-k490": 0.05476877522225777,
      "modis-par": 0.05808400343973522,
      "modis-sst": 0.16404513124696982,
      "sst-anom": 0.2711385503674846
    },
    "pdo": {
      "oni": 0.5294315852238152,
      "pdo": 1.0,
      "discharge": 0.027151333890868993,
      "da": 0.29406679957425075,
      "pn": 0.1484248723789847,
      "beuti": 0.09825412816304166,
      "chla-anom": 0.13755815334146632,
      "modis-chla": 0.14743955146182414,
      "modis-flr": -0.09355830620049152,
      "modis-k490": 0.13883889155056645,
      "modis-par": 0.21788219910415896,
      "modis-sst": 0.21512010882049395,
      "sst-anom": 0.408290845784597
    },
    "discharge": {
      "oni": -0.13863487773220756,
      "pdo": 0.027151333890868993,
      "discharge": 1.0,
      "da": -0.05783120214204968,
      "pn": -0.10392596504741783,
      "beuti": -0.04179244632696717,
      "chla-anom": -0.11829286044385487,
      "modis-chla": -0.20001537374725542,
      "modis-flr": -0.16205142039906945,
      "modis-k490": -0.19745681233353882,
      "modis-par": -0.06048802764033395,
      "modis-sst": -0.29257857350966476,
      "sst-anom": -0.019212153850631988
    },
    "da": {
      "oni": 0.2729234945577588,
      "pdo": 0.29406679957425075,
      "discharge": -0.05783120214204968,
      "da": 1.0,
      "pn": 0.16961059100157902,
      "beuti": 0.07085766262189336,
      "chla-anom": 0.06820114019095375,
      "modis-chla": -0.030252986268633333,
      "modis-flr": 0.21618824913637175,
      "modis-k490": 0.03868562598474568,
      "modis-par": 0.08067760742680834,
      "modis-sst": 0.02733543408855903,
      "sst-anom": 0.17037246238141615
    },
    "pn": {
      "oni": 0.05660941666225399,
      "pdo": 0.1484248723789847,
      "discharge": -0.10392596504741783,
      "da": 0.16961059100157902,
      "pn": 1.0,
      "beuti": 0.06445127432031034,
      "chla-anom": 0.10516566814044162,
      "modis-chla": 0.1307378418568422,
      "modis-flr": -0.059853042929911775,
      "modis-k490": 0.12347704142418742,
      "modis-par": 0.18229612890668273,
      "modis-sst": 0.1545982409709169,
      "sst-anom": 0.04046986335202865
    },
    "beuti": {
      "oni": 0.014471629738284818,
      "pdo": 0.09825412816304166,
      "discharge": -0.04179244632696717,
      "da": 0.07085766262189336,
      "pn": 0.06445127432031034,
      "beuti": 1.0,
      "chla-anom": -0.0006250768194987533,
      "modis-chla": 0.1453885745027508,
      "modis-flr": 0.12846121164419114,
      "modis-k490": 0.14582448204202972,
      "modis-par": 0.24078708653831213,
      "modis-sst": 0.27595195023062324,
      "sst-anom": 0.02942603277258512
    },
    "chla-anom": {
      "oni": 0.07720792287018295,
      "pdo": 0.13755815334146632,
      "discharge": -0.11829286044385487,
      "da": 0.06820114019095375,
      "pn": 0.10516566814044162,
      "beuti": -0.0006250768194987533,
      "chla-anom": 1.0,
      "modis-chla": 0.06608459785020854,
      "modis-flr": 0.013535179152917685,
      "modis-k490": 0.04584960665074041,
      "modis-par": 0.09985684123371799,
      "modis-sst": 0.04447115962134664,
      "sst-anom": -0.20032304003590617
    },
    "modis-chla": {
      "oni": 0.029075739253893045,
      "pdo": 0.14743955146182414,
      "discharge": -0.20001537374725542,
      "da": -0.030252986268633333,
      "pn": 0.1307378418568422,
      "beuti": 0.1453885745027508,
      "chla-anom": 0.06608459785020854,
      "modis-chla": 1.0,
      "modis-flr": 0.03763408098926149,
      "modis-k490": 0.7034551472598743,
      "modis-par": 0.41343361148313507,
      "modis-sst": 0.4079931859668843,
      "sst-anom": 0.001968785495600309
    },
    "modis-flr": {
      "oni": 0.08472074972368339,
      "pdo": -0.09355830620049152,
      "discharge": -0.16205142039906945,
      "da": 0.21618824913637175,
      "pn": -0.059853042929911775,
      "beuti": 0.12846121164419114,
      "chla-anom": 0.013535179152917685,
      "modis-chla": 0.03763408098926149,
      "modis-flr": 1.0,
      "modis-k490": 0.15127938975520794,
      "modis-par": 0.1690420511697165,
      "modis-sst": 0.16805259667824243,
      "sst-anom": 0.09692824290058431
    },
    "modis-k490": {
      "oni": 0.05476877522225777,
      "pdo": 0.13883889155056645,
      "discharge": -0.19745681233353882,
      "da": 0.03868562598474568,
      "pn": 0.12347704142418742,
      "beuti": 0.14582448204202972,
      "chla-anom": 0.04584960665074041,
      "modis-chla": 0.7034551472598743,
      "modis-flr": 0.15127938975520794,
      "modis-k490": 1.0,
      "modis-par": 0.5568590831715946,
      "modis-sst": 0.40349422938210444,
      "sst-anom": 0.05058968995615495
    },
    "modis-par": {
      "oni": 0.05808400343973522,
      "pdo": 0.21788219910415896,
      "discharge": -0.06048802764033395,
      "da": 0.08067760742680834,
      "pn": 0.18229612890668273,
      "beuti": 0.24078708653831213,
      "chla-anom": 0.09985684123371799,
      "modis-chla": 0.41343361148313507,
      "modis-flr": 0.1690420511697165,
      "modis-k490": 0.5568590831715946,
      "modis-par": 1.0,
      "modis-sst": 0.6238487829531022,
      "sst-anom": 0.025429751379522827
    },
    "modis-sst": {
      "oni": 0.16404513124696982,
      "pdo": 0.21512010882049395,
      "discharge": -0.29257857350966476,
      "da": 0.02733543408855903,
      "pn": 0.1545982409709169,
      "beuti": 0.27595195023062324,
      "chla-anom": 0.04447115962134664,
      "modis-chla": 0.4079931859668843,
      "modis-flr": 0.16805259667824243,
      "modis-k490": 0.40349422938210444,
      "modis-par": 0.6238487829531022,
      "modis-sst": 1.0,
      "sst-anom": 0.014954993917183584
    },
    "sst-anom": {
      "oni": 0.2711385503674846,
      "pdo": 0.408290845784597,
      "discharge": -0.019212153850631988,
      "da": 0.17037246238141615,
      "pn": 0.04046986335202865,
      "beuti": 0.02942603277258512,
      "chla-anom": -0.20032304003590617,
      "modis-chla": 0.001968785495600309,
      "modis-flr": 0.09692824290058431,
      "modis-k490": 0.05058968995615495,
      "modis-par": 0.025429751379522827,
      "modis-sst": 0.014954993917183584,
      "sst-anom": 1.0
    }
  },
  "columns": [
    "oni",
    "pdo",
    "discharge",
    "da",
    "pn",
    "beuti",
    "chla-anom",
    "modis-chla",
    "modis-flr",
    "modis-k490",
    "modis-par",
    "modis-sst",
    "sst-anom"
  ],
  "site": "Twin Harbors"
}