{"duration": 0.031890153884887695, "input_args": {"file_path": "'final_output_og.parquet'"}, "time": 1743982421.171398}