{"duration": 0.036048173904418945, "input_args": {"file_path": "'final_output_og.parquet'"}, "time": 1742462135.0781682}